Customer ID,Priority Level,Time of arrival,Number of people at arrival,Which 10 min interval in day,Which day in week,Time of start of service,Departure time,Wait time,
0,1,1.5628546,1,0,0,2.8636689,5.0962211,3.5333664,
1,0,5.5623061,1,0,0,12.3756533,19.9438318,14.3815257,
2,1,7.5038590,2,0,0,34.6698140,36.3267664,28.8229075,
3,0,14.3104090,3,1,0,19.9438318,29.5067641,15.1963551,
4,0,16.5811238,4,1,0,29.5067641,31.1570217,14.5758979,
5,0,18.7707692,5,1,0,31.1570217,34.3917763,15.6210072,
6,1,21.3306002,5,2,0,36.3267664,40.2977133,18.9671131,
7,0,28.9626373,6,2,0,34.3917763,34.6698140,5.7071767,
8,1,29.0504360,7,2,0,53.4268909,55.5614925,26.5110565,
9,0,32.7235056,6,3,0,40.2977133,45.5262937,12.8027882,
10,0,36.4526526,4,3,0,45.5262937,53.4268909,16.9742383,
11,1,60.7266516,1,6,0,68.7127301,70.1841658,9.4575142,
12,1,61.1160347,2,6,0,73.7868474,82.7553583,21.6393236,
13,0,64.4812648,3,6,0,70.1841658,73.7868474,9.3055826,
14,0,81.4453035,2,8,0,82.7553583,88.2159467,6.7706432,
15,1,84.7402671,2,8,0,89.3495685,90.7768688,6.0366018,
16,0,94.7251807,1,9,0,110.8837639,114.6062446,19.8810640,
17,0,96.9040503,2,9,0,114.6062446,115.2516595,18.3476092,
18,0,101.6231691,3,10,0,115.2516595,118.5844373,16.9612682,
19,1,102.4480808,4,10,0,150.4971354,158.1227616,55.6746809,
20,0,105.8023886,5,10,0,118.5844373,127.8075481,22.0051595,
21,0,108.4785958,6,10,0,127.8075481,133.9483098,25.4697141,
22,0,112.3136029,7,11,0,133.9483098,134.1743578,21.8607549,
23,1,114.9717022,7,11,0,158.1227616,158.8857112,43.9140090,
24,0,116.5672935,7,11,0,134.1743578,144.7413780,28.1740844,
25,0,117.3601830,8,11,0,144.7413780,147.3998508,30.0396678,
26,1,126.4529892,8,12,0,158.8857112,159.1981413,32.7451521,
27,0,128.0621563,8,12,0,147.3998508,150.4971354,22.4349792,
28,1,143.8877551,7,14,0,159.1981413,166.6527344,22.7649793,
29,1,146.6452577,7,14,0,168.6540014,170.1065452,23.4612876,
30,1,153.9506699,6,15,0,176.8380992,177.0952872,23.1446173,
31,0,159.3717463,4,15,0,170.1065452,176.8380992,17.4663529,
32,1,159.8394087,5,15,0,177.0952872,179.3813103,19.5419016,
33,1,170.7180367,4,17,0,179.3813103,191.1730875,20.4550508,
34,1,190.9853778,2,19,0,194.8870659,195.0114937,4.0261159,
35,0,196.4451982,1,19,0,201.6084615,211.4237438,14.9785456,
36,1,202.1965748,2,20,0,213.3228603,213.4107177,11.2141428,
37,0,203.0138989,3,20,0,224.1029418,224.4291785,21.4152795,
38,1,203.9216816,4,20,0,262.5315240,262.9200193,58.9983377,
39,1,207.9227701,5,20,0,262.9200193,263.9395188,56.0167487,
40,1,213.3184737,5,21,0,341.2073236,341.9338101,128.6153363,
41,0,217.0099031,5,21,0,229.0715457,237.6214503,20.6115472,
42,1,218.7930615,6,21,0,341.9338101,355.3001633,136.5071019,
43,0,220.4288588,7,22,0,241.4750968,246.0878753,25.6590165,
44,1,224.0757271,8,22,0,356.8659561,362.4642666,138.3885395,
45,1,224.7953935,8,22,0,362.4642666,368.3116322,143.5162386,
46,0,230.1500919,9,23,0,238.4927924,239.1434593,8.9933674,
47,0,232.5107442,10,23,0,246.0878753,252.1350309,19.6242867,
48,0,232.9686017,11,23,0,252.1350309,252.2638869,19.2952852,
49,0,238.3267094,11,23,0,252.2638869,256.9311505,18.6044411,
50,0,247.6730741,10,24,0,256.9311505,262.5315240,14.8584499,
51,0,257.0508667,8,25,0,263.9395188,277.9431754,20.8923088,
52,1,257.1630704,9,25,0,368.3116322,383.2574394,126.0943690,
53,0,259.5095022,10,25,0,277.9431754,283.8932237,24.3837215,
54,0,260.0648893,11,26,0,283.8932237,287.2947052,27.2298159,
55,1,267.7761410,9,26,0,389.1140449,394.7892532,127.0131123,
56,0,270.0499532,10,27,0,287.2947052,307.0374427,36.9874895,
57,0,275.2117701,11,27,0,307.0374427,326.0357201,50.8239500,
58,0,275.6341109,12,27,0,326.0357201,330.5649837,54.9308728,
59,0,298.7532678,10,29,0,330.5649837,335.3903462,36.6370784,
60,0,301.2265185,11,30,0,335.3903462,335.7925251,34.5660066,
61,0,305.7648354,12,30,0,335.7925251,341.2073236,35.4424883,
62,1,306.4961585,13,30,0,394.7892532,398.9633825,92.4672240,
63,1,310.1611488,13,31,0,398.9633825,400.1447843,89.9836356,
64,0,316.4971457,14,31,0,355.3001633,356.8659561,40.3688104,
65,1,319.4866490,15,31,0,400.1447843,400.7548783,81.2682294,
66,1,320.2965414,16,32,0,400.7548783,402.7841446,82.4876033,
67,1,326.9588142,16,32,0,402.7841446,406.6939083,79.7350941,
68,1,333.8929202,16,33,0,440.7117964,445.2325270,111.3396068,
69,1,334.0824089,17,33,0,445.2325270,445.9507754,111.8683665,
70,0,358.1487923,12,35,0,383.2574394,388.7998665,30.6510742,
71,0,363.4574627,12,36,0,388.7998665,389.1140449,25.6565822,
72,1,387.5645756,11,38,0,445.9507754,446.0578108,58.4932352,
73,1,387.9322325,12,38,0,446.0578108,463.0622063,75.1299738,
74,0,398.0608821,10,39,0,406.6939083,411.8880502,13.8271681,
75,0,398.7257619,11,39,0,411.8880502,435.0345914,36.3088296,
76,1,400.7003066,10,40,0,523.3799624,534.1517014,133.4513948,
77,0,402.7048767,10,40,0,435.0345914,435.2979874,32.5931107,
78,0,403.4097833,10,40,0,435.2979874,437.0700717,33.6602884,
79,1,403.4148414,11,40,0,538.6405437,542.3029795,138.8881381,
80,0,412.4227221,10,41,0,437.0700717,440.7117964,28.2890742,
81,1,413.3383420,11,41,0,560.7440551,562.8583192,149.5199772,
82,1,417.0800823,12,41,0,570.9172531,571.4790977,154.3990154,
83,0,432.0700523,13,43,0,463.0622063,466.8953977,34.8253454,
84,1,432.5957263,14,43,0,636.0140627,637.1119979,204.5162716,
85,0,437.7120519,12,43,0,466.8953977,470.5092952,32.7972432,
86,1,438.1577120,13,43,0,637.1119979,640.3583131,202.2006010,
87,0,439.7566822,14,43,0,470.5092952,472.9747347,33.2180526,
88,0,442.1906393,14,44,0,472.9747347,496.6417054,54.4510661,
89,0,447.3115638,12,44,0,496.6417054,496.7437336,49.4321699,
90,1,449.5210582,13,44,0,650.6025057,650.7995863,201.2785282,
91,0,459.1989783,14,45,0,496.7437336,497.1103545,37.9113761,
92,0,470.2555508,13,47,0,497.1103545,502.3760490,32.1204982,
93,0,471.3396923,13,47,0,502.3760490,504.5592913,33.2195990,
94,1,472.6663862,14,47,0,650.7995863,652.7626802,180.0962939,
95,0,477.7537864,14,47,0,504.5592913,508.2034101,30.4496237,
96,0,480.5036343,15,48,0,508.2034101,512.9693579,32.4657236,
97,0,486.9758075,16,48,0,512.9693579,517.8437219,30.8679145,
98,0,487.0404617,17,48,0,517.8437219,520.1543299,33.1138682,
99,0,490.0363060,18,49,0,520.1543299,523.3799624,33.3436564,
100,0,491.4781207,19,49,0,534.1517014,536.7005241,45.2224034,
101,0,491.8008663,20,49,0,536.7005241,537.6486226,45.8477563,
102,1,494.4391329,21,49,0,652.7626802,658.9397551,164.5006222,
103,1,495.0393271,22,49,0,693.0377967,694.9337478,199.8944207,
104,1,496.2880339,23,49,0,694.9337478,696.5671763,200.2791424,
105,0,500.3798310,21,50,0,537.6486226,538.6405437,38.2607127,
106,0,500.9784427,22,50,0,542.3029795,548.2853040,47.3068613,
107,0,504.1970326,22,50,0,553.7090848,553.9842738,49.7872413,
108,1,524.7783653,17,52,0,696.5671763,700.0704680,175.2921026,
109,1,525.3205166,18,52,0,700.5628622,704.3898406,179.0693241,
110,0,528.0156490,19,52,0,553.9842738,557.2792284,29.2635794,
111,1,533.2455063,20,53,0,704.3898406,705.0441967,171.7986904,
112,1,535.5027861,20,53,0,705.0441967,706.8277256,171.3249395,
113,0,543.5738791,17,54,0,551.7799653,553.7090848,10.1352057,
114,1,546.9766339,18,54,0,720.0546565,743.3768755,196.4002416,
115,0,549.1954223,18,54,0,557.2792284,560.7440551,11.5486328,
116,1,551.4024925,19,55,0,786.1363506,815.6002394,264.1977469,
117,1,558.0577360,17,55,0,838.7843119,850.9671720,292.9094361,
118,0,559.9367827,18,55,0,562.8583192,569.6497257,9.7129429,
119,1,563.9614409,17,56,0,870.7432632,878.8904750,314.9290341,
120,0,567.4196129,18,56,0,572.6983208,575.9965302,8.5769173,
121,0,571.1712157,18,57,0,575.9965302,576.1234882,4.9522725,
122,1,571.6891272,18,57,0,891.5509231,899.2917965,327.6026693,
123,0,572.5901789,19,57,0,579.8852666,586.3925215,13.8023426,
124,0,579.2830907,18,57,0,586.3925215,604.9388837,25.6557930,
125,0,582.0844580,19,58,0,604.9388837,605.0514863,22.9670283,
126,0,583.8649548,20,58,0,605.0514863,611.3624242,27.4974694,
127,0,584.6316175,21,58,0,611.3624242,615.0071152,30.3754977,
128,1,585.6105618,22,58,0,903.9026418,909.7555376,324.1449759,
129,1,588.9673843,22,58,0,909.7555376,913.6834723,324.7160880,
130,0,593.6921472,23,59,0,615.0071152,624.2273002,30.5351530,
131,1,596.8990540,24,59,0,913.6834723,918.8714772,321.9724232,
132,1,603.2795338,25,60,0,918.8714772,919.1384879,315.8589541,
133,0,611.6302967,23,61,0,624.2273002,636.0140627,24.3837660,
134,1,613.5838316,24,61,0,919.1384879,925.9667003,312.3828687,
135,1,631.0478486,23,63,0,925.9667003,931.8075045,300.7596558,
136,1,631.8776462,24,63,0,934.5183203,936.7981198,304.9204736,
137,0,634.8416482,25,63,0,640.3583131,649.6708259,14.8291778,
138,0,636.0712775,25,63,0,649.6708259,650.6025057,14.5312282,
139,1,639.9446599,25,63,0,941.9198510,942.3956554,302.4509956,
140,1,643.0499331,25,64,0,942.3956554,943.3258288,300.2758956,
141,0,647.8579126,26,64,0,658.9397551,678.0575333,30.1996207,
142,1,649.9622812,26,64,0,943.3258288,944.3133406,294.3510595,
143,0,650.8028542,25,65,0,678.0575333,679.3075260,28.5046718,
144,1,651.0184443,26,65,0,944.3133406,945.3243896,294.3059453,
145,0,657.0393029,26,65,0,679.3075260,681.4505048,24.4112019,
146,0,668.5640897,26,66,0,681.4505048,687.8987226,19.3346329,
147,0,682.9880209,24,68,0,687.8987226,693.0377967,10.0497758,
148,1,683.0321286,25,68,0,945.3243896,957.2233072,274.1911786,
149,0,692.8473182,25,69,0,700.0704680,700.5628622,7.7155440,
150,0,695.3335904,24,69,0,706.8277256,707.1746580,11.8410676,
151,0,705.0412823,21,70,0,707.1746580,720.0546565,15.0133742,
152,1,711.5510805,19,71,0,959.1016556,960.0740478,248.5229674,
153,0,714.3254625,20,71,0,743.3768755,743.5885857,29.2631231,
154,0,718.6341214,21,71,0,743.5885857,745.9372047,27.3030832,
155,0,719.9984083,22,71,0,745.9372047,752.5879897,32.5895813,
156,1,720.5474824,22,72,0,960.0740478,979.7379658,259.1904834,
157,0,729.0326865,23,72,0,752.5879897,753.4303550,24.3976685,
158,0,729.3921011,24,72,0,753.4303550,754.1059314,24.7138303,
159,0,743.7155549,23,74,0,754.1059314,755.2756292,11.5600743,
160,0,744.1728920,24,74,0,755.2756292,786.1363506,41.9634587,
161,1,767.1706807,20,76,0,988.4352527,989.9576116,222.7869309,
162,1,774.5655454,21,77,0,989.9576116,992.1788995,217.6133541,
163,0,775.1561769,22,77,0,815.6002394,819.4362084,44.2800316,
164,0,785.7734727,23,78,0,819.4362084,824.6135678,38.8400952,
165,1,789.1904549,23,78,0,992.1788995,992.2406109,203.0501559,
166,0,790.8336594,24,79,0,824.6135678,832.2334755,41.3998160,
167,1,795.1879839,25,79,0,992.2406109,993.0075072,197.8195234,
168,1,800.5263555,26,80,0,993.0075072,995.4442828,194.9179273,
169,1,802.2593589,27,80,0,995.4442828,1011.4424267,209.1830678,
170,0,813.0923380,28,81,0,832.2334755,838.7843119,25.6919739,
171,1,824.5467477,27,82,0,1027.0540598,1030.8462526,206.2995049,
172,1,825.2263925,27,82,0,1030.8462526,1033.1137714,207.8873789,
173,1,828.2153335,28,82,0,1033.1137714,1033.1964543,204.9811208,
174,0,834.6428591,28,83,0,850.9671720,864.9692864,30.3264273,
175,1,836.2860036,29,83,0,1033.1964543,1036.7093363,200.4233327,
176,0,849.6149682,29,84,0,864.9692864,870.7432632,21.1282950,
177,1,855.5090277,29,85,0,1036.7093363,1042.3134933,186.8044656,
178,1,861.5985734,30,86,0,1042.3134933,1045.7443805,184.1458071,
179,0,873.1650440,29,87,0,878.8904750,891.5509231,18.3858791,
180,0,889.1312754,29,88,0,899.2917965,901.4531417,12.3218663,
181,1,889.2647779,30,88,0,1045.7443805,1046.6009267,157.3361488,
182,0,889.4987619,31,88,0,901.4531417,902.9872099,13.4884480,
183,1,890.8438518,32,89,0,1051.9684983,1062.3085845,171.4647327,
184,0,891.0338719,33,89,0,902.9872099,903.9026418,12.8687699,
185,1,892.8746566,33,89,0,1062.7894233,1067.9431945,175.0685380,
186,1,903.2481146,31,90,0,1074.3284322,1089.6029385,186.3548239,
187,0,909.3861505,31,90,0,931.8075045,934.5183203,25.1321699,
188,1,915.0700867,30,91,0,1089.6029385,1093.1545572,178.0844705,
189,0,915.5908858,31,91,0,936.7981198,941.9198510,26.3289652,
190,1,920.0936993,30,92,0,1094.3243740,1094.7440068,174.6503074,
191,1,927.4814878,30,92,0,1094.7440068,1097.6561256,170.1746378,
192,1,929.4857008,31,92,0,1097.6561256,1110.7431634,181.2574627,
193,1,931.6867504,32,93,0,1119.8250930,1120.8134600,189.1267096,
194,1,935.0786189,31,93,0,1120.8134600,1125.1099258,190.0313069,
195,1,938.4521154,31,93,0,1125.1099258,1128.5711138,190.1189984,
196,1,938.9488911,32,93,0,1136.5167792,1153.3581812,214.4092901,
197,0,943.8674134,30,94,0,957.2233072,958.3989554,14.5315420,
198,1,946.9120436,29,94,0,1153.3581812,1154.5392168,207.6271731,
199,0,951.4254548,30,95,0,958.3989554,959.1016556,7.6762008,
200,1,958.0426615,30,95,0,1154.5392168,1164.3056657,206.2630042,
201,0,963.0029713,28,96,0,979.7379658,987.4131588,24.4101875,
202,0,979.8605101,28,97,0,987.4131588,988.4352527,8.5747426,
203,1,984.5660617,29,98,0,1164.3056657,1167.0207687,182.4547070,
204,1,985.4370408,30,98,0,1167.0207687,1167.2118348,181.7747941,
205,0,996.5448848,24,99,0,1011.4424267,1014.0295752,17.4846904,
206,1,997.6566563,25,99,0,1167.2118348,1170.2014314,172.5447752,
207,0,1004.0255575,26,100,0,1014.0295752,1022.4133212,18.3877637,
208,1,1004.9841283,27,100,0,1170.2014314,1171.3594729,166.3753446,
209,1,1010.8399897,28,101,0,1171.3594729,1183.3592097,172.5192200,
210,1,1012.1528744,28,101,0,1196.9070477,1203.5590974,191.4062230,
211,1,1012.8148253,29,101,0,1223.8662933,1227.8918852,215.0770599,
212,0,1012.9456008,30,101,0,1022.4133212,1024.6027790,11.6571782,
213,0,1015.2321149,30,101,0,1024.6027790,1027.0540598,11.8219449,
214,1,1015.4890749,31,101,0,1235.8711351,1238.3774164,222.8883415,
215,1,1019.0553616,32,101,0,1238.3774164,1243.1982577,224.1428962,
216,1,1029.5309682,30,102,0,1243.9487605,1248.3308715,218.7999033,
217,1,1032.2882054,30,103,0,1248.3308715,1256.6349696,224.3467642,
218,0,1045.2717938,27,104,0,1046.6009267,1051.9684983,6.6967045,
219,0,1053.1654814,25,105,0,1062.3085845,1062.7894233,9.6239419,
220,1,1055.9223317,26,105,0,1256.6349696,1259.4505856,203.5282539,
221,0,1058.7920689,27,105,0,1067.9431945,1074.3284322,15.5363633,
222,0,1065.4235043,26,106,0,1093.1545572,1094.3243740,28.9008697,
223,1,1069.5684219,26,106,0,1276.7820795,1280.0520196,210.4835977,
224,0,1071.4028995,27,107,0,1110.7431634,1115.2757277,43.8728282,
225,0,1072.0315559,28,107,0,1115.2757277,1117.7698088,45.7382529,
226,0,1081.6602728,28,108,0,1117.7698088,1118.3618046,36.7015318,
227,0,1088.5357767,29,108,0,1118.3618046,1119.2372069,30.7014302,
228,0,1091.4320465,29,109,0,1119.2372069,1119.8250930,28.3930465,
229,1,1091.7408181,30,109,0,1280.0520196,1290.1988970,198.4580789,
230,1,1103.2196247,27,110,0,1299.7213322,1299.8090723,196.5894476,
231,1,1103.8632356,28,110,0,1299.8090723,1301.5595011,197.6962656,
232,1,1118.1257437,26,111,0,1301.5595011,1306.8436685,188.7179248,
233,0,1125.0415807,23,112,0,1128.5711138,1136.5167792,11.4751985,
234,1,1131.4496965,22,113,0,1306.8436685,1308.7953980,177.3457015,
235,1,1139.7204168,22,113,0,1328.0292531,1329.8827648,190.1623480,
236,1,1150.5478115,23,115,0,1329.8827648,1331.6607453,181.1129338,
237,1,1157.5840797,22,115,0,1331.6607453,1347.3567601,189.7726803,
238,0,1158.6476648,23,115,0,1183.3592097,1191.0771704,32.4295056,
239,1,1161.5126455,24,116,0,1357.4965594,1363.2604534,201.7478080,
240,0,1163.3509711,25,116,0,1191.0771704,1194.7738117,31.4228406,
241,0,1170.0853970,23,117,0,1194.7738117,1196.9070477,26.8216507,
242,0,1184.6675210,21,118,0,1203.5590974,1204.2940044,19.6264834,
243,0,1193.8930380,21,119,0,1204.2940044,1209.5280920,15.6350540,
244,1,1194.2756395,22,119,0,1363.2604534,1363.8883091,169.6126697,
245,1,1196.7237142,22,119,0,1363.8883091,1364.0008261,167.2771119,
246,0,1197.2028968,22,119,0,1209.5280920,1219.6548314,22.4519346,
247,1,1200.3898656,23,120,0,1364.0008261,1364.4599667,164.0701010,
248,0,1203.6622783,23,120,0,1219.6548314,1222.3188517,18.6565734,
249,0,1209.6161536,22,120,0,1222.3188517,1223.8662933,14.2501397,
250,0,1214.4370031,23,121,0,1227.8918852,1235.7581589,21.3211558,
251,0,1215.2522372,24,121,0,1235.7581589,1235.8711351,20.6188979,
252,1,1219.6810955,24,121,0,1367.7669799,1373.1985579,153.5174624,
253,1,1227.7697380,23,122,0,1373.1985579,1376.1530034,148.3832654,
254,1,1230.0707196,23,123,0,1380.2089265,1380.4024126,150.3316930,
255,0,1230.6773441,24,123,0,1243.1982577,1243.9487605,13.2714164,
256,1,1231.9120657,25,123,0,1380.4024126,1380.9653861,149.0533204,
257,0,1234.1072798,26,123,0,1259.4505856,1274.6175638,40.5102841,
258,0,1235.9959339,25,123,0,1274.6175638,1276.2670608,40.2711269,
259,1,1237.2854435,26,123,0,1380.9653861,1384.2621650,146.9767214,
260,0,1241.4428034,26,124,0,1276.2670608,1276.7820795,35.3392760,
261,1,1249.8331288,24,124,0,1384.2621650,1392.6316591,142.7985303,
262,1,1253.0297409,25,125,0,1392.6316591,1400.4252027,147.3954618,
263,0,1269.9026655,24,126,0,1290.1988970,1299.7213322,29.8186667,
264,1,1274.6526940,24,127,0,1402.2325285,1411.9555660,137.3028720,
265,1,1282.1814993,22,128,0,1417.5669092,1418.0970037,135.9155044,
266,0,1287.3111585,23,128,0,1308.7953980,1317.0292434,29.7180849,
267,0,1289.8791871,24,128,0,1317.0292434,1317.3065342,27.4273470,
268,1,1296.1520145,24,129,0,1418.3240675,1419.1143198,122.9623053,
269,0,1299.9314618,23,129,0,1317.3065342,1320.2967576,20.3652958,
270,0,1303.7660552,23,130,0,1320.2967576,1328.0292531,24.2631979,
271,1,1315.6990539,22,131,0,1419.1143198,1419.7195994,104.0205456,
272,0,1324.1639743,20,132,0,1347.3567601,1357.4965594,33.3325851,
273,1,1329.7599657,20,132,0,1419.7195994,1420.0100620,90.2500963,
274,1,1342.2145642,19,134,0,1420.0100620,1434.4138161,92.1992519,
275,1,1343.6242604,20,134,0,1464.2560073,1477.5467992,133.9225387,
276,0,1347.9993679,20,134,0,1364.4599667,1367.7669799,19.7676120,
277,1,1348.0422879,21,134,0,1477.5467992,1487.7720736,139.7297857,
278,1,1351.5267791,22,135,0,1500.9225340,1504.1871794,152.6604004,
279,1,1353.1010217,23,135,0,1504.1871794,1504.6082173,151.5071956,
280,1,1359.6628169,23,135,0,1504.6082173,1517.4584984,157.7956814,
281,1,1365.4597207,20,136,0,1517.4584984,1532.0989325,166.6392117,
282,0,1366.4978440,21,136,0,1376.1530034,1380.2089265,13.7110825,
283,1,1367.7238954,22,136,0,1535.5246138,1541.8271941,174.1032987,
284,1,1376.8401943,20,137,0,1541.8271941,1552.7452856,175.9050912,
286,0,1386.9776605,18,138,0,1400.4252027,1402.2325285,15.2548680,
287,0,1391.0469093,19,139,0,1411.9555660,1415.7891708,24.7422615,
288,0,1399.1377652,19,139,0,1415.7891708,1416.5744416,17.4366764,
289,0,1400.9779690,19,140,0,1416.5744416,1417.5669092,16.5889403,
290,0,1401.5968959,20,140,0,1418.0970037,1418.3240675,16.7271716,
292,0,1412.2419045,20,141,0,1434.4138161,1435.8836999,23.6417953,
293,0,1413.9661337,21,141,0,1435.8836999,1447.6081711,33.6420373,
295,0,1420.4057063,15,142,0,1447.6081711,1451.0829888,30.6772825,
296,0,1429.2921068,16,142,0,1451.0829888,1452.5358765,23.2437697,
297,0,1432.9608558,17,143,0,1452.5358765,1454.1236573,21.1628015,
299,0,1433.6922109,19,143,0,1454.1236573,1454.8926671,21.2004563,
301,0,1438.3686369,19,143,0,1454.8926671,1458.6426269,20.2739900,
302,0,1445.7701242,20,0,1,1458.6426269,1464.2560073,18.4858831,
303,0,1463.7570987,15,2,1,1487.7720736,1487.7910997,24.0340010,
305,0,1472.5924970,16,3,1,1487.7910997,1492.9008241,20.3083270,
306,0,1476.5158056,17,3,1,1552.7452856,1563.8778421,87.3620364,
307,0,1477.1633432,18,3,1,1492.9008241,1500.9225340,23.7591908,
310,0,1494.6579029,17,5,1,1563.8778421,1577.3232007,82.6652978,
314,0,1507.1572860,18,6,1,1532.0989325,1533.3620069,26.2047209,
316,0,1517.9643772,19,7,1,1533.3620069,1535.5246138,17.5602366,
285,1,1380.5086987,19,138,0,1593.2017415,1593.4908364,212.9821377,
291,1,1404.5920298,20,140,0,1593.4908364,1603.0634662,198.4714365,
294,1,1414.8095499,22,141,0,1603.0634662,1615.4085696,200.5990197,
298,1,1433.0837126,18,143,0,1647.6894612,1657.4418457,224.3581331,
300,1,1433.8984506,20,143,0,1673.5930644,1679.7768685,245.8784179,
304,1,1472.1885498,15,3,1,1682.2002925,1688.5036699,216.3151201,
308,1,1480.6066111,18,4,1,1692.3192390,1693.4801443,212.8735331,
309,1,1487.1637440,19,4,1,1693.4801443,1696.3134991,209.1497551,
311,1,1495.3873970,18,5,1,1698.8614174,1703.4986643,208.1112672,
312,1,1496.2889283,19,5,1,1703.4986643,1703.7754050,207.4864767,
313,1,1505.5022336,17,6,1,1703.7754050,1725.4430162,219.9407826,
315,1,1508.7609966,19,6,1,1732.9615443,1737.2257844,228.4647878,
317,1,1525.8102863,20,8,1,1737.2257844,1737.7159279,211.9056416,
318,1,1528.4347313,21,8,1,1737.7159279,1740.6159837,212.1812524,
319,1,1528.5271424,22,8,1,1745.5916068,1750.6077421,222.0805997,
320,1,1530.3153636,23,9,1,1770.1055151,1777.2254477,246.9100840,
321,1,1531.4185063,24,9,1,1777.2254477,1785.3477251,253.9292188,
322,0,1535.4476486,23,9,1,1577.3232007,1580.4622103,45.0145617,
323,1,1536.2792176,23,9,1,1786.3646638,1789.9873238,253.7081062,
324,0,1544.0519367,23,10,1,1580.4622103,1582.9241831,38.8722464,
325,0,1553.2135728,23,11,1,1582.9241831,1587.9172696,34.7036968,
326,1,1556.1070308,24,11,1,1789.9873238,1790.9084910,234.8014603,
327,0,1565.1945796,24,12,1,1587.9172696,1588.1205860,22.9260064,
328,0,1566.5615475,25,12,1,1588.1205860,1590.9801125,24.4185650,
329,1,1567.3784493,26,12,1,1790.9084910,1793.3560557,225.9776063,
330,0,1574.4155280,27,13,1,1590.9801125,1591.5042037,17.0886757,
331,0,1576.6978912,28,13,1,1591.5042037,1593.0058297,16.3079385,
332,1,1582.2755466,27,14,1,1816.7730256,1819.2263484,236.9508018,
333,1,1584.5454972,27,14,1,1819.2263484,1829.4838808,244.9383836,
334,1,1586.0091550,28,14,1,1829.4838808,1831.6565252,245.6473701,
335,1,1589.8842712,27,14,1,1833.6301905,1848.2092413,258.3249701,
336,0,1589.9321422,28,14,1,1593.0058297,1593.2017415,3.2695994,
337,1,1592.5502288,27,15,1,1866.3873060,1869.0302271,276.4799983,
338,0,1595.7437155,25,15,1,1657.4418457,1663.2624740,67.5187585,
339,0,1598.3679107,26,15,1,1615.4085696,1636.0887998,37.7208891,
340,1,1613.9339535,26,17,1,1869.0302271,1869.5202672,255.5863137,
341,0,1614.3699387,27,17,1,1636.0887998,1643.1317106,28.7617719,
342,1,1614.3824039,28,17,1,1869.5202672,1869.6781936,255.2957897,
343,0,1617.2774762,28,17,1,1643.1317106,1643.3693928,26.0919166,
344,1,1621.2097820,29,18,1,1869.6781936,1873.2775939,252.0678119,
345,0,1626.8180633,30,18,1,1643.3693928,1647.6894612,20.8713979,
346,1,1637.9643882,30,19,1,1873.2775939,1913.1139941,275.1496059,
347,0,1648.3753524,28,20,1,1663.2624740,1663.8233652,15.4480128,
348,0,1654.8073020,29,21,1,1663.8233652,1673.5930644,18.7857624,
349,1,1659.3938794,29,21,1,1926.7635666,1935.0964912,275.7026118,
350,1,1660.9476880,30,22,1,1944.6044832,1948.9291356,287.9814476,
351,0,1666.6092607,29,22,1,1679.7768685,1682.2002925,15.5910318,
352,1,1667.3093848,30,22,1,1995.3438201,2000.2744071,332.9650223,
353,0,1667.5171674,31,22,1,1688.5036699,1692.3192390,24.8020716,
354,1,1673.3433578,32,23,1,2013.3434553,2018.5697671,345.2264093,
355,0,1679.3138794,32,23,1,1696.3134991,1698.8614174,19.5475380,
356,0,1691.1156257,30,25,1,1725.4430162,1728.2805838,37.1649581,
357,0,1695.2507287,29,25,1,1728.2805838,1732.9615443,37.7108156,
358,1,1696.7630676,29,25,1,2018.5697671,2037.4925627,340.7294951,
359,1,1721.8247463,27,28,1,2037.4925627,2054.3329408,332.5081945,
360,1,1722.7745802,28,28,1,2068.6752352,2069.2449328,346.4703526,
361,1,1729.1225024,27,28,1,2069.2449328,2071.7030912,342.5805887,
362,1,1731.5653125,28,29,1,2078.2022518,2085.7620643,354.1967518,
363,0,1734.0297323,28,29,1,1750.6077421,1756.8070911,22.7773589,
364,0,1734.7118513,29,29,1,1740.6159837,1745.5916068,10.8797555,
365,1,1741.6928456,27,30,1,2086.2424722,2087.3614015,345.6685560,
366,0,1749.3474815,27,30,1,1756.8070911,1759.4115961,10.0641146,
367,1,1750.7430282,27,31,1,2087.3614015,2093.0866485,342.3436203,
368,0,1754.3060937,28,31,1,1759.4115961,1769.8976268,15.5915331,
369,0,1757.3547458,28,31,1,1769.8976268,1770.1055151,12.7507692,
370,1,1766.2519530,28,32,1,2093.0866485,2097.2441005,330.9921475,
371,0,1775.9727898,27,33,1,1785.3477251,1786.3646638,10.3918741,
372,1,1780.3242960,27,34,1,2097.2441005,2104.6000906,324.2757946,
373,0,1786.5449139,26,34,1,1793.3560557,1798.2557663,11.7108523,
374,1,1788.8944887,27,34,1,2110.2301072,2112.3095707,323.4150820,
375,0,1794.5625594,25,35,1,1798.2557663,1801.7501058,7.1875464,
376,0,1796.5472209,26,35,1,1801.7501058,1808.6930253,12.1458045,
377,0,1798.0396492,27,35,1,1808.6930253,1816.7730256,18.7333765,
378,1,1809.6057037,25,36,1,2112.3095707,2112.9063509,303.3006472,
379,1,1819.5261751,24,37,1,2112.9063509,2114.6700231,295.1438479,
380,0,1830.9427005,24,39,1,1831.6565252,1833.6301905,2.6874899,
381,0,1831.2056566,25,39,1,1848.2092413,1862.3824067,31.1767500,
382,0,1833.8530241,24,39,1,1862.3824067,1866.3873060,32.5342819,
383,1,1849.5322461,24,40,1,2114.6700231,2120.9306038,271.3983577,
384,1,1856.7355375,25,41,1,2120.9306038,2125.0305257,268.2949882,
385,1,1856.9820940,26,41,1,2125.0305257,2153.5657688,296.5836748,
386,1,1862.6498305,26,42,1,2156.0258212,2156.0995246,293.4496941,
387,1,1863.2763491,27,42,1,2156.0995246,2158.3414977,295.0651485,
388,0,1868.0375318,27,42,1,1913.1139941,1920.9634822,52.9259504,
389,1,1868.1946860,28,42,1,2164.0396110,2165.6047956,297.4101096,
390,1,1895.1419299,25,45,1,2166.7252711,2166.9313253,271.7893954,
391,0,1897.4244640,26,45,1,1920.9634822,1924.6950080,27.2705440,
392,0,1914.3730288,26,47,1,1924.6950080,1926.7635666,12.3905379,
393,1,1915.3573876,27,47,1,2166.9313253,2170.7905012,255.4331136,
394,1,1920.2514307,28,48,1,2170.7905012,2175.4204518,255.1690210,
395,1,1921.4996741,28,48,1,2175.4204518,2178.5648784,257.0652043,
396,0,1921.8919496,29,48,1,1935.0964912,1938.1998733,16.3079238,
397,0,1923.4610032,30,48,1,1938.1998733,1944.6044832,21.1434800,
398,0,1923.8433461,31,48,1,1948.9291356,1950.5828564,26.7395103,
399,0,1934.2848074,30,49,1,1950.5828564,1976.0890275,41.8042201,
400,1,1935.3235192,30,49,1,2178.5648784,2185.0358117,249.7122925,
401,1,1938.2589426,30,49,1,2185.0358117,2187.3554019,249.0964594,
402,0,1941.5210592,31,50,1,1976.0890275,1982.2730753,40.7520160,
403,1,1955.7949841,29,51,1,2187.3554019,2188.3387281,232.5437440,
404,0,1956.8968765,30,51,1,1982.2730753,1992.6917559,35.7948794,
405,0,1960.5901604,31,52,1,1992.6917559,1995.3438201,34.7536597,
406,1,1965.2159846,32,52,1,2188.3387281,2193.4146824,228.1986978,
407,0,1987.8925448,31,54,1,2004.4841405,2010.8998462,23.0073014,
408,1,1991.4654440,32,55,1,2193.4146824,2193.8686498,202.4032058,
409,1,1991.7352970,33,55,1,2193.8686498,2198.4544885,206.7191915,
410,0,1993.8321162,33,55,1,2000.2744071,2004.4841405,10.6520243,
411,0,1999.6410359,33,55,1,2010.8998462,2013.3434553,13.7024194,
412,0,2014.5930871,30,57,1,2054.3329408,2055.1401205,40.5470335,
413,1,2016.3830674,31,57,1,2225.8967815,2230.4084707,214.0254032,
414,0,2019.0008167,31,57,1,2055.1401205,2055.3186519,36.3178352,
415,0,2041.6774929,31,60,1,2055.3186519,2061.6267985,19.9493056,
416,0,2053.8911469,32,61,1,2061.6267985,2065.8072121,11.9160652,
417,0,2061.7522884,29,62,1,2065.8072121,2068.6752352,6.9229468,
418,0,2065.5931040,30,62,1,2071.7030912,2076.4980246,10.9049206,
419,0,2065.9247716,30,62,1,2076.4980246,2078.2022518,12.2774802,
420,0,2079.0645546,26,63,1,2085.7620643,2086.2424722,7.1779176,
421,0,2082.1378798,27,64,1,2104.6000906,2109.9159673,27.7780875,
422,0,2099.8423183,23,65,1,2109.9159673,2110.2301072,10.3877888,
423,1,2103.1267007,24,66,1,2332.5641399,2339.1599627,236.0332621,
424,1,2106.2343502,24,66,1,2339.1599627,2349.3550010,243.1206508,
425,1,2131.5488411,18,69,1,2353.6908588,2354.3573905,222.8085494,
426,0,2134.1241488,19,69,1,2153.5657688,2153.8665037,19.7423550,
427,0,2134.4719843,20,69,1,2153.8665037,2156.0258212,21.5538369,
428,1,2146.6841927,21,70,1,2359.5353517,2364.0662192,217.3820265,
429,1,2148.1864226,22,70,1,2364.0662192,2366.0486838,217.8622612,
430,0,2151.9684024,23,71,1,2158.3414977,2163.5613708,11.5929683,
431,1,2155.2366719,22,71,1,2366.0486838,2368.7170227,213.4803507,
432,0,2155.5590260,23,71,1,2163.5613708,2164.0396110,8.4805850,
433,1,2156.9912866,22,71,1,2368.7170227,2371.3367299,214.3454433,
434,1,2159.6421579,22,71,1,2371.3367299,2376.1712811,216.5291232,
435,0,2161.6144091,23,72,1,2165.6047956,2166.7252711,5.1108620,
436,1,2163.4297697,24,72,1,2376.1712811,2384.4480519,221.0182822,
437,1,2184.8271846,17,74,1,2384.4480519,2386.2045025,201.3773180,
438,0,2186.3325069,17,74,1,2198.4544885,2204.9949497,18.6624429,
439,0,2187.2015345,18,74,1,2204.9949497,2210.8168839,23.6153494,
440,1,2188.4061191,17,74,1,2386.2045025,2397.8964856,209.4903665,
441,1,2191.4402200,18,75,1,2422.3469784,2422.4993812,231.0591611,
442,1,2192.7547172,19,75,1,2422.4993812,2424.9055022,232.1507850,
443,0,2202.4754015,17,76,1,2210.8168839,2222.2202464,19.7448449,
444,0,2204.6642864,18,76,1,2222.2202464,2225.8967815,21.2324951,
445,1,2209.2014471,18,76,1,2424.9055022,2426.1028894,216.9014423,
446,0,2217.0729969,18,77,1,2230.4084707,2232.2346872,15.1616902,
447,0,2221.5493470,19,78,1,2232.2346872,2245.9727406,24.4233937,
448,0,2231.7585730,17,79,1,2245.9727406,2255.6388659,23.8802929,
449,0,2235.0361533,17,79,1,2255.6388659,2264.3955120,29.3593587,
450,1,2235.7772081,18,79,1,2426.1028894,2428.2967114,192.5195033,
451,1,2238.8828233,19,79,1,2428.2967114,2435.7225740,196.8397507,
452,0,2240.0493520,20,80,1,2264.3955120,2272.5131343,32.4637823,
453,0,2240.4175505,21,80,1,2272.5131343,2275.7794958,35.3619453,
454,0,2243.2739266,22,80,1,2275.7794958,2280.4016051,37.1276785,
455,0,2248.1831840,22,80,1,2280.4016051,2305.3499733,57.1667893,
456,0,2249.6248002,23,80,1,2305.3499733,2309.7605555,60.1357553,
457,0,2251.2709298,24,81,1,2309.7605555,2318.7156743,67.4447446,
458,1,2256.8468248,24,81,1,2437.1603688,2440.0201402,183.1733154,
459,1,2265.1652308,24,82,1,2444.7531460,2449.2583958,184.0931650,
460,1,2272.2019514,25,83,1,2452.8856143,2459.1917956,186.9898441,
461,0,2275.9642754,24,83,1,2318.7156743,2325.1616146,49.1973391,
462,0,2293.9079165,24,85,1,2325.1616146,2332.5641399,38.6562233,
463,1,2297.0756614,25,85,1,2474.3066376,2474.7116028,177.6359413,
464,0,2315.7669562,24,87,1,2349.3550010,2353.6908588,37.9239026,
465,0,2322.2922986,24,88,1,2354.3573905,2355.0089092,32.7166106,
466,0,2322.9170704,25,88,1,2355.0089092,2359.0752573,36.1581870,
467,1,2325.1134931,26,88,1,2474.7116028,2478.8834867,153.7699936,
468,0,2337.3670072,25,89,1,2359.0752573,2359.5353517,22.1683446,
469,1,2348.9487287,25,90,1,2478.8834867,2484.2581710,135.3094423,
470,1,2354.1759008,24,91,1,2484.2581710,2484.4402602,130.2643594,
471,1,2360.5416007,21,92,1,2484.4402602,2485.0467102,124.5051095,
472,1,2360.9401403,22,92,1,2485.0467102,2487.7823785,126.8422382,
473,1,2365.5217525,22,92,1,2487.7823785,2495.4375216,129.9157691,
474,1,2365.8398304,23,92,1,2495.4375216,2508.6789574,142.8391270,
475,1,2373.8175971,21,93,1,2515.8066023,2525.6571083,151.8395112,
476,0,2374.0596531,22,93,1,2397.8964856,2403.6631338,29.6034806,
477,0,2387.7069061,20,94,1,2403.6631338,2404.1100699,16.4031638,
478,1,2392.9507140,21,95,1,2526.3055178,2527.6305395,134.6798255,
479,0,2394.0857750,22,95,1,2404.1100699,2416.6457090,22.5599340,
480,0,2395.7881574,23,95,1,2416.6457090,2417.7981225,22.0099651,
481,0,2395.8509014,24,95,1,2417.7981225,2422.0514794,26.2005780,
482,1,2401.4805230,24,96,1,2527.6305395,2528.9442494,127.4637264,
483,1,2405.0599484,23,96,1,2528.9524377,2546.3593548,141.2994064,
484,0,2408.7628163,24,96,1,2422.0514794,2422.3469784,13.5841621,
485,0,2418.1544143,23,97,1,2435.7225740,2437.1603688,19.0059545,
486,1,2425.4729532,20,98,1,2579.8540145,2590.0746423,164.6016891,
487,0,2425.6876131,21,98,1,2440.0201402,2444.7531460,19.0655329,
488,1,2425.9919189,22,98,1,2593.4172165,2600.0846551,174.0927363,
489,0,2430.1426784,21,99,1,2449.2583958,2452.8856143,22.7429359,
490,1,2437.6274843,20,99,1,2600.0846551,2604.7125714,167.0850871,
491,0,2444.2287789,20,100,1,2459.1917956,2470.1545788,25.9257999,
492,0,2446.0663137,20,100,1,2470.1545788,2473.1583939,27.0920802,
493,0,2457.8574057,19,101,1,2473.1583939,2474.3066376,16.4492319,
494,1,2463.7096307,19,102,1,2604.7125714,2605.5589903,141.8493596,
495,1,2469.8359860,20,102,1,2605.5589903,2610.7373477,140.9013618,
496,1,2477.6750996,17,103,1,2610.7373477,2611.3630054,133.6879058,
497,1,2485.0440839,15,104,1,2611.3630054,2621.8384571,136.7943732,
498,1,2488.1624912,14,104,1,2629.3984406,2630.9758099,142.8133186,
499,0,2493.1792250,15,105,1,2508.6789574,2515.8066023,22.6273773,
500,0,2493.3593254,16,105,1,2525.6571083,2526.3055178,32.9461924,
501,1,2508.4979509,16,106,1,2630.9758099,2632.4269683,123.9290174,
502,1,2514.1640540,16,107,1,2632.4269683,2635.6747962,121.5107422,
503,0,2514.7711328,17,107,1,2528.9442494,2528.9524377,14.1813049,
504,0,2528.8122677,14,108,1,2546.3593548,2558.6316702,29.8194025,
505,1,2531.1042723,13,109,1,2635.6747962,2636.3319794,105.2277071,
506,1,2531.5869303,14,109,1,2636.3319794,2640.0385100,108.4515798,
507,1,2532.0685523,15,109,1,2643.8560612,2644.9824890,112.9139367,
508,0,2534.1200548,16,109,1,2558.6316702,2559.5077147,25.3876598,
509,1,2544.8962514,17,110,1,2644.9824890,2650.4505494,105.5542979,
510,1,2546.9620315,17,110,1,2650.4505494,2651.9295316,104.9675001,
511,0,2547.4593075,18,110,1,2559.5077147,2562.0086605,14.5493531,
512,0,2548.4216632,19,110,1,2562.0086605,2572.9789032,24.5572401,
513,0,2550.9833931,20,111,1,2572.9789032,2578.7053522,27.7219591,
514,1,2551.0315035,21,111,1,2651.9295316,2652.0794090,101.0479055,
515,0,2557.8147449,22,111,1,2578.7053522,2579.8540145,22.0392695,
516,1,2562.7218707,20,112,1,2652.0794090,2653.8493029,91.1274322,
517,1,2574.1216371,20,113,1,2653.8493029,2666.6573629,92.5357257,
518,0,2585.0500602,19,114,1,2590.0746423,2590.7348146,5.6847544,
519,0,2586.0636999,20,114,1,2590.7348146,2593.4172165,7.3535166,
520,1,2591.3232441,19,115,1,2666.6573629,2668.9428349,77.6195908,
521,1,2596.2880309,19,115,1,2668.9428349,2672.1519409,75.8639099,
522,1,2598.0780071,20,115,1,2672.1519409,2686.9415111,88.8635040,
523,0,2603.1304014,20,116,1,2621.8384571,2628.5814089,25.4510075,
524,1,2604.7529737,20,116,1,2688.8162858,2692.3991826,87.6462089,
525,0,2610.1340908,20,117,1,2628.5814089,2629.3984406,19.2643498,
526,1,2619.3990672,19,117,1,2692.3991826,2700.3312201,80.9321529,
527,1,2623.9870918,19,118,1,2700.3312201,2700.6639969,76.6769051,
528,0,2627.5239596,20,118,1,2640.0385100,2643.8560612,16.3321016,
529,1,2642.3501721,14,120,1,2700.6639969,2720.3711005,78.0209284,
530,1,2644.3821285,14,120,1,2734.5100319,2735.3305152,90.9483867,
531,1,2650.5116199,13,121,1,2735.3305152,2739.9979080,89.4862881,
532,0,2653.6429014,12,121,1,2686.9415111,2688.8162858,35.1733844,
533,1,2654.0136171,12,121,1,2739.9979080,2744.5079528,90.4943357,
534,1,2661.2323034,13,122,1,2744.5079528,2745.3318937,84.0995903,
535,1,2662.5049294,14,122,1,2745.3318937,2746.9987539,84.4938245,
536,1,2665.9577915,15,122,1,2746.9987539,2755.2013546,89.2435631,
537,1,2672.9043651,13,123,1,2758.0003287,2761.1983276,88.2939625,
538,1,2673.3913544,14,123,1,2761.1983276,2761.5653821,88.1740277,
539,1,2678.8511724,15,123,1,2761.5653821,2784.6262674,105.7750950,
540,1,2678.9825881,16,123,1,2808.1258903,2812.2672614,133.2846733,
541,1,2690.0689004,15,125,1,2812.2672614,2828.0867506,138.0178503,
542,0,2695.6188889,15,125,1,2720.3711005,2721.9658906,26.3470017,
543,1,2697.2271570,16,125,1,2828.0867506,2839.4309834,142.2038265,
544,1,2699.5893646,17,125,1,2839.4309834,2846.9681557,147.3787911,
545,0,2706.3660849,16,126,1,2721.9658906,2726.7723170,20.4062321,
546,1,2708.5428090,17,126,1,2846.9681557,2850.4074485,141.8646395,
547,1,2714.1785331,18,127,1,2850.4074485,2854.1084922,139.9299591,
548,1,2714.5599568,19,127,1,2854.1084922,2855.4279347,140.8679779,
549,0,2720.7440772,19,128,1,2726.7723170,2734.5100319,13.7659547,
550,1,2721.5991917,20,128,1,2855.4279347,2859.5315520,137.9323603,
551,1,2722.2862447,20,128,1,2859.5315520,2863.8770510,141.5908064,
552,1,2734.0079564,20,129,1,2863.8770510,2869.7084649,135.7005085,
553,1,2736.1033314,19,129,1,2869.7084649,2874.0947482,137.9914168,
554,0,2743.2553439,19,130,1,2755.2013546,2758.0003287,14.7449848,
555,1,2755.7728698,16,131,1,2876.1470770,2881.6179970,125.8451273,
556,0,2756.1484909,17,131,1,2784.6262674,2786.7070146,30.5585238,
557,0,2758.1572441,17,131,1,2786.7070146,2800.0834501,41.9262060,
558,1,2760.2695029,18,132,1,3057.1205114,3057.8995859,297.6300830,
559,0,2762.8600787,17,132,1,2800.0834501,2806.0505877,43.1905089,
560,1,2763.3253003,18,132,1,3057.8995859,3104.4712544,341.1459541,
561,1,2770.7719392,19,133,1,3189.4777644,3194.7147704,423.9428312,
562,0,2770.9138536,20,133,1,2806.0505877,2807.9626115,37.0487579,
563,1,2780.8131414,21,134,1,3194.7147704,3198.2365068,417.4233653,
565,0,2788.9297794,21,134,1,2807.9626115,2808.1258903,19.1961109,
570,0,2836.6806602,20,139,1,2881.6179970,2903.1700058,66.4893456,
571,0,2839.0882136,21,139,1,2903.1700058,2908.1805366,69.0923230,
572,0,2844.8272139,21,140,1,2908.1805366,2910.6392546,65.8120407,
573,0,2846.7815754,22,140,1,2910.6392546,2913.4012566,66.6196812,
575,0,2855.8027494,20,141,1,2913.4012566,2922.0729626,66.2702132,
576,0,2861.6239298,20,142,1,2922.0729626,2923.8915308,62.2676009,
577,0,2861.6703651,21,142,1,2923.8915308,2927.5152534,65.8448883,
578,0,2869.5928922,21,142,1,2927.5152534,2941.0852577,71.4923655,
579,0,2883.0673604,19,0,2,2941.0852577,2941.5666613,58.4993009,
581,0,2891.2973311,21,1,2,2941.5666613,2944.1578052,52.8604741,
582,0,2892.0411804,22,1,2,2944.1578052,2946.6295142,54.5883338,
583,0,2892.9943143,23,1,2,2946.6295142,2946.8233845,53.8290702,
585,0,2895.4717075,25,1,2,2946.8233845,2973.8369246,78.3652171,
586,0,2897.0053659,26,1,2,2973.8369246,2974.7079864,77.7026205,
587,0,2898.1572263,27,1,2,2974.7079864,2975.7915853,77.6343590,
589,0,2912.4357629,26,3,2,2975.7915853,2984.8836053,72.4478424,
591,0,2914.9538989,27,3,2,2984.8836053,2991.9769255,77.0230266,
593,0,2934.4124705,26,5,2,2991.9769255,2994.8164698,60.4039993,
594,0,2935.6720683,27,5,2,2994.8164698,2996.8509779,61.1789096,
595,0,2938.1936919,28,5,2,2996.8509779,2996.8692696,58.6755777,
597,0,2952.4521705,25,7,2,2996.8692696,3000.6552493,48.2030788,
598,0,2957.6333811,26,7,2,3000.6552493,3004.2463786,46.6129975,
599,0,2958.7265763,27,7,2,3004.2463786,3021.7534135,63.0268372,
600,0,2960.4322022,28,8,2,3021.7534135,3029.9658895,69.5336873,
601,0,2961.6701307,29,8,2,3029.9658895,3030.3115664,68.6414357,
603,0,2973.4640539,31,9,2,3030.3115664,3031.4574691,57.9934152,
604,0,2977.5690842,29,9,2,3031.4574691,3034.0698422,56.5007580,
605,0,2990.4434119,29,11,2,3034.0698422,3035.0986516,44.6552397,
606,0,2997.4033804,26,11,2,3035.0986516,3042.6331954,45.2298150,
608,0,3007.1916369,26,12,2,3042.6331954,3049.6566948,42.4650579,
611,0,3024.3480566,28,14,2,3049.6566948,3050.1555173,25.8074607,
612,0,3026.1276353,29,14,2,3050.1555173,3057.1205114,30.9928761,
616,0,3050.9082529,25,17,2,3104.4712544,3110.0561120,59.1478590,
617,0,3058.3167936,24,17,2,3110.0561120,3111.2074399,52.8906463,
624,0,3090.7217851,31,21,2,3111.2074399,3116.8204941,26.0987090,
625,0,3091.7890530,32,21,2,3116.8204941,3118.2898431,26.5007902,
629,0,3099.7888274,36,21,2,3118.2898431,3120.6852973,20.8964699,
630,0,3100.0074285,37,22,2,3120.6852973,3140.2693403,40.2619118,
631,0,3105.0799339,37,22,2,3140.2693403,3145.9225160,40.8425821,
632,0,3106.2399778,38,22,2,3145.9225160,3146.9973365,40.7573587,
633,0,3115.8703182,37,23,2,3146.9973365,3158.6772348,42.8069165,
634,0,3118.0612652,37,23,2,3158.6772348,3160.1506085,42.0893433,
638,0,3140.0684885,39,26,2,3160.1506085,3162.0583785,21.9898900,
640,0,3146.6130093,39,26,2,3162.0583785,3166.8377494,20.2247401,
641,0,3147.2298207,39,26,2,3166.8377494,3177.3306307,30.1008100,
642,0,3147.7837241,40,26,2,3177.3306307,3182.2546578,34.4709337,
644,0,3162.8603268,39,28,2,3182.2546578,3183.1405783,20.2802515,
646,0,3168.0726689,40,28,2,3183.1405783,3188.0186043,19.9459355,
649,0,3179.7366126,42,29,2,3188.0186043,3189.4777644,9.7411518,
651,0,3184.4812005,42,30,2,3198.2365068,3198.6993685,14.2181679,
564,1,2782.1261778,22,134,1,3222.2906823,3223.3395700,441.2133922,
566,1,2799.4821906,22,135,1,3223.3395700,3227.8580283,428.3758376,
567,1,2815.4283459,18,137,1,3227.8580283,3234.3661937,418.9378478,
568,1,2825.7787468,19,138,1,3234.3661937,3234.7468182,408.9680714,
569,1,2833.1081538,19,139,1,3234.7468182,3237.9393032,404.8311494,
574,1,2854.9747338,20,141,1,3237.9393032,3244.0901735,389.1154397,
580,1,2888.5564022,20,0,2,3244.0901735,3251.1722801,362.6158779,
584,1,2894.8133231,24,1,2,3251.1722801,3253.3535658,358.5402427,
588,1,2900.1361298,28,2,2,3253.3535658,3259.8454987,359.7093689,
590,1,2914.7945231,26,3,2,3263.9712684,3277.1895197,362.3949966,
592,1,2928.0792514,25,4,2,3281.3929302,3284.6657272,356.5864758,
596,1,2945.4771178,26,6,2,3284.6657272,3291.3727168,345.8955991,
602,1,2962.2940975,30,8,2,3291.3727168,3301.6586473,339.3645498,
607,1,3004.2890876,25,12,2,3301.6586473,3304.0251768,299.7360892,
609,1,3007.5650155,27,12,2,3304.0251768,3305.1099429,297.5449274,
610,1,3014.9775915,28,13,2,3313.9930954,3342.9630825,327.9854909,
613,1,3033.9479736,27,15,2,3348.9304735,3349.7381871,315.7902134,
614,1,3036.7304784,26,15,2,3349.7381871,3353.2362441,316.5057657,
615,1,3048.5654419,26,16,2,3353.2362441,3354.6669463,306.1015044,
618,1,3062.7873002,25,18,2,3354.6669463,3359.9933310,297.2060308,
619,1,3073.8609851,26,19,2,3359.9933310,3360.1441433,286.2831581,
620,1,3075.6613415,27,19,2,3360.1441433,3363.0482266,287.3868851,
621,1,3076.2476908,28,19,2,3363.0482266,3371.6624398,295.4147490,
622,1,3076.7835561,29,19,2,3371.6624398,3379.2544611,302.4709050,
623,1,3088.5337247,30,20,2,3519.6162072,3526.5398264,438.0061017,
626,1,3092.2121586,33,21,2,3526.5398264,3528.4711230,436.2589645,
627,1,3093.8475494,34,21,2,3528.4711230,3529.4277535,435.5802041,
628,1,3095.7700726,35,21,2,3529.4277535,3540.2364490,444.4663765,
635,1,3122.8387274,36,24,2,3561.2609626,3572.1568693,449.3181419,
636,1,3128.1906143,37,24,2,3575.8747935,3590.8579761,462.6673618,
637,1,3130.9464635,38,25,2,3590.8579761,3591.1683917,460.2219282,
639,1,3142.0861026,39,26,2,3591.1683917,3595.8435139,453.7574112,
643,1,3158.1575635,41,27,2,3595.8435139,3622.9446293,464.7870658,
645,1,3167.4427024,39,28,2,3629.0809885,3630.1530340,462.7103317,
647,1,3176.8201154,41,29,2,3630.1530340,3637.2374824,460.4173671,
648,1,3177.9777013,41,29,2,3646.6315075,3652.4515769,474.4738755,
650,1,3180.6262892,43,30,2,3652.4515769,3660.1267309,479.5004417,
652,0,3191.4678226,41,31,2,3198.6993685,3218.6381473,27.1703247,
653,1,3205.0810754,39,32,2,3660.1267309,3672.6346820,467.5536066,
654,0,3205.5032750,40,32,2,3218.6381473,3221.7456370,16.2423620,
655,0,3205.5388008,41,32,2,3221.7456370,3221.7560590,16.2172583,
656,1,3213.7495273,42,33,2,3700.3717391,3704.3151149,490.5655875,
657,0,3214.4507241,43,33,2,3221.7560590,3222.2906823,7.8399582,
658,1,3215.0252873,44,33,2,3712.2690202,3717.2010124,502.1757252,
659,1,3230.7547505,39,35,2,3717.2010124,3722.5238606,491.7691100,
660,1,3248.2451013,36,36,2,3722.5238606,3725.0367107,476.7916093,
661,0,3250.0630890,37,37,2,3259.8454987,3263.9712684,13.9081793,
662,1,3260.6649410,35,38,2,3725.0367107,3726.1707991,465.5058581,
663,0,3262.2168807,36,38,2,3277.1895197,3281.3929302,19.1760495,
664,1,3289.3752495,33,40,2,3726.1707991,3728.1588512,438.7836017,
665,1,3291.2773849,34,41,2,3728.1588512,3729.5008411,438.2234561,
666,1,3293.0842269,34,41,2,3729.5008411,3729.8038507,436.7196238,
667,0,3299.5872653,35,41,2,3305.1099429,3310.1103942,10.5231288,
668,0,3303.0130391,35,42,2,3310.1103942,3313.9930954,10.9800563,
669,1,3307.0462619,34,42,2,3729.8038507,3736.2904276,429.2441657,
670,1,3310.2718912,34,43,2,3736.2904276,3739.7697630,429.4978717,
671,0,3315.0049122,34,43,2,3342.9630825,3348.9304735,33.9255613,
672,1,3344.6170704,34,46,2,3739.7697630,3740.1416807,395.5246103,
673,1,3346.2234984,35,46,2,3743.9647933,3745.0338526,398.8103542,
674,1,3347.8786460,36,46,2,3745.0338526,3750.6200003,402.7413542,
675,1,3353.8168233,34,47,2,3750.6200003,3754.7919439,400.9751206,
676,1,3357.6965688,34,47,2,3754.7919439,3757.6161543,399.9195855,
677,0,3358.2958003,35,47,2,3379.2544611,3387.3618321,29.0660318,
678,0,3365.1326661,33,48,2,3387.3618321,3412.0846308,46.9519647,
679,0,3369.7210068,34,48,2,3412.0846308,3412.7951166,43.0741098,
680,1,3373.2558968,34,49,2,3757.6161543,3759.9820987,386.7262019,
681,0,3375.0287123,35,49,2,3412.7951166,3415.9733537,40.9446414,
682,1,3375.4345275,36,49,2,3759.9820987,3776.1061387,400.6716112,
683,0,3375.5244770,37,49,2,3415.9733537,3432.4684209,56.9439439,
684,0,3380.1112366,37,50,2,3432.4684209,3435.2405459,55.1293093,
685,1,3382.6424306,38,50,2,3776.3213102,3779.9168050,397.2743745,
686,0,3386.3895420,39,50,2,3435.2405459,3437.3614308,50.9718888,
687,1,3397.1979950,39,51,2,3779.9168050,3780.5689683,383.3709733,
688,0,3397.2115687,40,51,2,3437.3614308,3439.7565467,42.5449780,
689,0,3398.1840609,41,51,2,3439.7565467,3444.9218055,46.7377447,
690,1,3404.6439836,42,52,2,3780.5689683,3785.3558668,380.7118832,
691,0,3406.9636568,43,52,2,3444.9218055,3464.1756538,57.2119971,
692,0,3407.8224715,44,52,2,3464.1756538,3470.9920787,63.1696072,
693,0,3408.2236938,45,52,2,3470.9920787,3472.0459949,63.8223011,
694,0,3411.5950396,46,53,2,3472.0459949,3477.2356949,65.6406553,
695,1,3414.4983124,45,53,2,3790.2945298,3795.5504157,381.0521033,
696,1,3421.3862686,45,54,2,3795.5504157,3796.0898984,374.7036297,
697,1,3423.3872875,46,54,2,3798.2489534,3801.0494599,377.6621725,
698,1,3428.8889926,47,54,2,3801.0494599,3805.5797929,376.6908003,
699,0,3433.8678935,47,55,2,3477.2356949,3485.5139092,51.6460157,
700,1,3439.1778954,46,55,2,3808.7568579,3813.4863417,374.3084463,
701,0,3446.9717529,45,56,2,3485.5139092,3486.4801948,39.5084419,
702,1,3449.7487043,46,56,2,3813.4863417,3819.8090394,370.0603350,
703,1,3453.1975809,47,57,2,3819.8090394,3820.1659737,366.9683929,
704,1,3456.9524908,48,57,2,3820.1659737,3820.4119377,363.4594470,
705,0,3459.0074480,49,57,2,3486.4801948,3494.0574543,35.0500062,
706,0,3460.0631631,50,58,2,3494.0574543,3510.2912976,50.2281344,
707,0,3466.5205329,50,58,2,3510.2912976,3516.2650182,49.7444853,
708,1,3469.4152245,51,58,2,3820.4119377,3824.1426880,354.7274635,
709,1,3472.5746183,50,59,2,3824.1426880,3828.6807439,356.1061256,
710,0,3473.8831088,51,59,2,3516.2650182,3516.8132722,42.9301634,
711,1,3475.7803824,52,59,2,3828.6807439,3833.9953291,358.2149467,
712,0,3483.3033834,52,60,2,3516.8132722,3518.6525272,35.3491438,
713,0,3484.9903542,53,60,2,3518.6525272,3519.6162072,34.6258530,
714,1,3487.4179242,52,60,2,3833.9953291,3842.7574881,355.3395640,
715,1,3488.1184184,53,60,2,3859.0272545,3865.4870778,377.3686594,
716,1,3502.8969111,53,62,2,3870.9753382,3873.8711041,370.9741930,
717,1,3504.2107872,54,62,2,3884.8776220,3888.4292904,384.2185032,
718,1,3512.6875784,54,63,2,3888.4292904,3899.7419146,387.0543362,
719,0,3521.3724668,51,64,2,3540.2364490,3544.5390744,23.1666076,
720,1,3527.5893349,51,64,2,3899.7419146,3902.0980846,374.5087498,
721,1,3527.9998594,52,64,2,3902.0980846,3910.3908233,382.3909639,
722,1,3531.3471204,51,65,2,3911.9595268,3916.6207643,385.2736439,
723,0,3532.0949683,52,65,2,3544.5390744,3552.3689762,20.2740080,
724,1,3532.3057197,53,65,2,3924.3046931,3932.5148500,400.2091304,
725,1,3533.4645088,54,65,2,3932.5148500,3940.5371745,407.0726658,
726,1,3538.0546350,55,65,2,3940.5371745,3949.2189320,411.1642970,
727,0,3540.7475757,55,66,2,3552.3689762,3560.8712330,20.1236573,
728,0,3541.6076165,56,66,2,3560.8712330,3561.2609626,19.6533461,
729,0,3560.1285328,55,68,2,3572.1568693,3575.8747935,15.7462608,
730,1,3569.7254343,54,68,2,3949.2189320,3951.2228423,381.4974080,
731,0,3571.6605708,55,69,2,3622.9446293,3623.4577052,51.7971345,
732,0,3573.5981827,55,69,2,3623.4577052,3625.6919962,52.0938135,
733,0,3573.8529411,56,69,2,3625.6919962,3626.4378534,52.5849123,
734,1,3574.7469459,57,69,2,3951.2228423,3955.7983800,381.0514340,
735,0,3577.9178164,57,69,2,3626.4378534,3628.2174015,50.2995851,
736,1,3579.1479072,58,69,2,3956.9201112,3960.8025252,381.6546180,
737,0,3583.6412621,59,70,2,3628.2174015,3629.0809885,45.4397264,
738,1,3583.6636580,60,70,2,3976.7586521,3977.6439644,393.9803064,
739,1,3584.3772533,61,70,2,3977.6439644,3979.9009760,395.5237227,
740,1,3586.5408598,62,70,2,3980.9504002,3993.3920236,406.8511638,
741,0,3589.5131274,63,70,2,3637.2374824,3640.9716888,51.4585614,
742,1,3593.9877478,62,71,2,3998.1712805,4004.0002734,410.0125256,
743,1,3613.1674454,62,73,2,4004.1321828,4006.0918001,392.9243547,
744,1,3617.7768262,63,73,2,4006.0918001,4007.3544260,389.5775998,
745,0,3622.4431260,64,74,2,3640.9716888,3644.4760189,22.0328929,
746,0,3631.0422680,58,75,2,3644.4760189,3646.6315075,15.5892394,
747,1,3635.0397056,59,75,2,4007.9720805,4010.9791775,375.9394719,
748,1,3643.6075400,58,76,2,4010.9791775,4021.6580042,378.0504642,
749,0,3650.9921758,57,77,2,3672.6346820,3683.7597656,32.7675898,
750,1,3651.5205363,58,77,2,4021.6580042,4024.1789037,372.6583674,
751,0,3657.1012577,58,77,2,3683.7597656,3691.1346758,34.0334181,
752,1,3666.5684272,58,78,2,4024.1789037,4037.1944664,370.6260393,
753,1,3668.5012559,59,78,2,4123.5099788,4131.3568243,462.8555683,
754,1,3668.9991317,60,78,2,4131.3568243,4141.9956755,472.9965438,
755,0,3670.0245542,61,79,2,3691.1346758,3693.7247543,23.7002002,
756,1,3670.7524167,62,79,2,4192.2473486,4205.3829856,534.6305689,
757,1,3672.6625952,62,79,2,4272.7737039,4273.4709512,600.8083561,
758,0,3673.0934660,63,79,2,3693.7247543,3700.3717391,27.2782730,
759,1,3682.1809335,64,80,2,4273.4709512,4277.4219029,595.2409694,
760,0,3695.9019817,62,81,2,3704.3151149,3707.3766841,11.4747024,
761,0,3696.0306967,63,81,2,3707.3766841,3712.2690202,16.2383235,
762,1,3704.2653179,63,82,2,4277.4219029,4279.1286605,574.8633426,
763,1,3714.9334336,61,83,2,4312.0342540,4318.2263142,603.2928806,
764,0,3727.7242465,58,84,2,3740.1416807,3743.7885416,16.0642951,
765,0,3734.2698980,56,85,2,3743.7885416,3743.9647933,9.6948953,
766,1,3747.8424812,51,86,2,4318.2263142,4322.6662462,574.8237650,
767,1,3749.1043755,52,86,2,4322.6662462,4324.0343407,574.9299652,
768,1,3755.1668688,51,87,2,4324.0343407,4324.4267069,569.2598381,
769,0,3759.4905676,51,87,2,3776.1061387,3776.3213102,16.8307426,
770,1,3772.4388352,51,89,2,4324.4267069,4335.4478428,563.0090076,
771,0,3778.7140602,50,89,2,3790.1294514,3790.2945298,11.5804696,
772,0,3780.9539608,49,90,2,3785.3558668,3790.1294514,9.1754906,
773,1,3787.9810760,49,90,2,4335.4478428,4337.6469572,549.6658812,
774,0,3790.8302140,48,91,2,3796.0898984,3798.2489534,7.4187394,
775,1,3791.6400086,49,91,2,4342.7166224,4349.6231810,557.9831724,
776,0,3793.0437255,50,91,2,3805.5797929,3808.7568579,15.7131324,
777,1,3800.0133836,48,92,2,4349.6231810,4354.8322572,554.8188736,
778,1,3812.5338712,46,93,2,4362.7328054,4378.3611980,565.8273267,
779,1,3813.3110881,47,93,2,4379.1966147,4379.8475182,566.5364301,
780,0,3825.8303508,43,94,2,3842.7574881,3853.3803545,27.5500037,
781,0,3826.5933791,44,94,2,3853.3803545,3855.1305092,28.5371301,
782,0,3826.7283089,45,94,2,3855.1305092,3859.0272545,32.2989456,
783,1,3843.7973200,43,96,2,4394.4299062,4397.3543828,553.5570628,
784,0,3854.8060200,43,97,2,3865.4870778,3870.9753382,16.1693182,
785,1,3867.3830905,41,98,2,4481.9322105,4490.7121321,623.3290416,
786,0,3870.4159326,42,99,2,3873.8711041,3881.6561313,11.2401987,
787,0,3874.4028535,41,99,2,3881.6561313,3884.8776220,10.4747684,
788,1,3886.4198251,40,100,2,4501.7727798,4505.9001064,619.4802814,
789,1,3890.2588042,40,101,2,4505.9001064,4510.3906423,620.1318382,
790,0,3890.5186881,41,101,2,3910.3908233,3910.8118419,20.2931538,
791,0,3894.4742225,42,101,2,3910.8118419,3911.9595268,17.4853043,
792,0,3897.5827656,43,101,2,3916.6207643,3918.0236747,20.4409091,
793,0,3904.0431807,42,102,2,3918.0236747,3919.9486792,15.9054985,
794,0,3904.1241570,43,102,2,3919.9486792,3924.3046931,20.1805361,
795,1,3904.2957276,44,102,2,4510.3906423,4512.5202665,608.2245389,
796,1,3917.0294107,41,103,2,4512.5202665,4517.8934015,600.8639908,
797,0,3922.8314850,40,104,2,3960.8025252,3965.1378903,42.3064053,
798,1,3922.9364233,41,104,2,4517.8934015,4518.5446258,595.6082025,
799,1,3935.3361768,40,105,2,4518.5446258,4520.0607543,584.7245775,
800,0,3936.9914466,41,105,2,3955.7983800,3956.9201112,19.9286646,
801,0,3940.8906740,41,106,2,3965.1378903,3965.5637256,24.6730516,
802,0,3951.2131218,41,107,2,3965.5637256,3968.5774004,17.3642786,
803,1,3955.2134912,41,107,2,4520.0607543,4520.9797263,565.7662351,
804,0,3961.5242423,39,108,2,3968.5774004,3975.9304965,14.4062542,
805,0,3968.2523005,38,108,2,3975.9304965,3976.7586521,8.5063516,
806,0,3975.0805183,38,109,2,3979.9009760,3980.9504002,5.8698818,
807,0,3982.0991079,34,110,2,3993.3920236,3998.1712805,16.0721727,
808,0,3993.1203901,35,111,2,4004.0002734,4004.1321828,11.0117927,
809,0,3998.5965318,34,111,2,4007.3544260,4007.9720805,9.3755487,
810,1,4002.5096879,35,112,2,4520.9797263,4528.4874677,525.9777798,
811,1,4004.6676929,34,112,2,4528.4874677,4534.8412948,530.1736019,
812,1,4011.8045650,31,113,2,4534.8412948,4545.6357680,533.8312030,
813,0,4013.8908647,32,113,2,4037.1944664,4051.4076552,37.5167905,
814,0,4014.5057745,33,113,2,4051.4076552,4051.6057218,37.0999472,
815,0,4014.5625133,34,113,2,4051.6057218,4057.9982333,43.4357201,
816,1,4016.2083096,35,113,2,4545.6357680,4552.4452663,536.2369567,
817,1,4027.2524922,34,114,2,4552.4452663,4559.3308817,532.0783895,
818,1,4028.7470352,35,114,2,4559.3308817,4562.6630090,533.9159738,
819,0,4030.2681330,36,115,2,4057.9982333,4068.0913057,37.8231726,
820,0,4031.3602171,37,115,2,4068.0913057,4081.1171561,49.7569390,
821,1,4043.1311771,37,116,2,4579.5355836,4580.2418776,537.1107005,
822,1,4044.0142924,38,116,2,4580.2418776,4585.5365776,541.5222852,
823,0,4044.2645649,39,116,2,4081.1171561,4082.2102836,37.9457187,
824,0,4045.2966912,40,116,2,4082.2102836,4084.4836499,39.1869587,
825,0,4046.0628778,41,116,2,4084.4836499,4092.0651755,46.0022977,
826,0,4050.2169279,42,117,2,4092.0651755,4100.3478447,50.1309168,
827,1,4054.4478570,41,117,2,4585.5365776,4587.4256841,532.9778271,
828,1,4059.7825517,41,117,2,4587.4256841,4591.2740151,531.4914634,
829,0,4068.3662370,41,118,2,4100.3478447,4103.7876259,35.4213889,
830,1,4072.2320394,42,119,2,4591.2740151,4594.5440749,522.3120355,
831,0,4073.2042202,43,119,2,4103.7876259,4108.3359449,35.1317247,
832,1,4077.3424163,44,119,2,4594.5440749,4603.5801945,526.2377782,
833,0,4077.8601507,45,119,2,4108.3359449,4112.8898558,35.0297050,
834,0,4077.8936541,46,119,2,4112.8898558,4117.9206959,40.0270419,
835,1,4085.6540384,44,120,2,4603.5801945,4605.6381486,519.9841102,
836,0,4103.3795665,43,122,2,4117.9206959,4122.5440490,19.1644825,
837,0,4107.6254617,43,122,2,4122.5440490,4123.5099788,15.8845171,
838,1,4116.7462448,42,123,2,4605.6381486,4608.2355778,491.4893329,
839,1,4124.2053527,40,124,2,4608.2355778,4612.0355437,487.8301910,
840,1,4126.5043158,41,124,2,4612.7115919,4622.1638711,495.6595553,
841,0,4131.6327726,41,125,2,4141.9956755,4144.5232972,12.8905246,
842,0,4133.1747193,42,125,2,4144.5232972,4151.1068446,17.9321253,
843,0,4135.2513572,43,125,2,4151.1068446,4168.5843242,33.3329670,
844,0,4139.8026536,44,125,2,4168.5843242,4172.7777424,32.9750888,
845,0,4140.6924097,45,126,2,4172.7777424,4178.0361011,37.3436914,
846,0,4155.4357980,43,127,2,4178.0361011,4185.4465360,30.0107380,
847,1,4159.4694364,44,127,2,4622.1638711,4625.1134285,465.6439921,
848,0,4159.4859934,45,127,2,4185.4465360,4188.2061151,28.7201217,
849,0,4161.7409781,46,128,2,4188.2061151,4192.2473486,30.5063705,
850,1,4163.2332754,47,128,2,4625.1134285,4631.4741111,468.2408357,
851,1,4179.3850625,45,129,2,4631.4741111,4632.4514037,453.0663412,
852,0,4179.7324920,46,129,2,4205.3829856,4207.0077231,27.2752311,
853,0,4191.8113542,45,131,2,4207.0077231,4220.5983308,28.7869765,
854,1,4204.2038509,45,132,2,4632.4514037,4632.5663185,428.3624677,
855,0,4207.3956585,44,132,2,4220.5983308,4225.7542322,18.3585737,
856,0,4209.3038285,45,132,2,4225.7542322,4237.8000381,28.4962095,
857,0,4210.3772141,46,133,2,4237.8000381,4238.5464161,28.1692020,
858,1,4213.6781976,47,133,2,4632.5663185,4634.5468389,420.8686412,
859,0,4227.0713473,46,134,2,4238.5464161,4251.1081267,24.0367794,
860,0,4229.5241681,47,134,2,4251.1081267,4263.8932318,34.3690637,
861,0,4233.1120297,48,135,2,4263.8932318,4268.7747038,35.6626741,
862,1,4241.2631757,47,136,2,4634.5468389,4636.6569476,395.3937719,
863,1,4253.1464345,47,137,2,4636.6569476,4637.5797926,384.4333581,
864,1,4253.5206554,48,137,2,4637.5797926,4640.9869655,387.4663101,
865,1,4254.0753008,49,137,2,4640.9869655,4647.0346776,392.9593768,
866,0,4254.1166799,50,137,2,4268.7747038,4272.7737039,18.6570239,
867,1,4260.9066558,51,138,2,4647.0346776,4654.6844494,393.7777935,
868,1,4268.3363405,51,138,2,4654.6844494,4660.6097950,392.2734545,
869,0,4270.4374746,51,139,2,4279.1286605,4290.7235256,20.2860509,
870,1,4271.3012257,52,139,2,4660.6097950,4663.6232107,392.3219851,
871,0,4271.5794585,53,139,2,4290.7235256,4291.5107598,19.9313013,
873,0,4279.0009940,52,139,2,4291.5107598,4302.0600593,23.0590653,
876,0,4281.7326032,54,140,2,4302.0600593,4307.6808331,25.9482299,
879,0,4295.7448316,55,141,2,4307.6808331,4308.2905372,12.5457056,
880,0,4297.9578728,56,141,2,4308.2905372,4312.0342540,14.0763811,
882,0,4322.9831977,52,0,3,4337.6469572,4342.7166224,19.7334247,
885,0,4344.7899071,50,2,3,4354.8322572,4362.7328054,17.9428983,
887,0,4358.1890272,50,3,3,4378.3611980,4379.0606654,20.8716383,
889,0,4371.2880686,51,5,3,4379.0606654,4379.1966147,7.9085461,
890,0,4374.6442134,52,5,3,4379.8475182,4385.5889513,10.9447379,
891,0,4378.4285827,52,5,3,4385.5889513,4394.4299062,16.0013235,
892,0,4382.3708841,50,6,3,4397.3543828,4407.2219854,24.8511014,
893,0,4382.9189309,51,6,3,4407.2219854,4423.9924422,41.0735113,
895,0,4386.2750001,52,6,3,4423.9924422,4438.7688079,52.4938077,
896,0,4392.2047791,53,7,3,4438.7688079,4445.8972535,53.6924744,
897,0,4392.3648783,54,7,3,4445.8972535,4452.1963327,59.8314544,
898,0,4397.4841677,53,7,3,4452.1963327,4463.1895805,65.7054128,
901,0,4415.1370254,55,9,3,4463.1895805,4467.7026486,52.5656232,
903,0,4431.9485540,56,11,3,4467.7026486,4470.8392072,38.8906532,
905,0,4438.6738563,58,11,3,4470.8392072,4471.4843464,32.8104901,
907,0,4453.5500627,57,13,3,4471.4843464,4481.3995862,27.8495235,
909,0,4457.3775943,59,13,3,4481.3995862,4481.9322105,24.5546162,
912,0,4477.1324620,58,15,3,4490.7121321,4500.3598586,23.2273966,
914,0,4480.7138679,60,16,3,4500.3598586,4501.7727798,21.0589120,
925,0,4554.1229575,55,23,3,4562.6630090,4572.8699806,18.7470231,
926,0,4559.4235433,55,23,3,4572.8699806,4573.1206548,13.6971115,
929,0,4565.8596689,57,24,3,4573.1206548,4576.3956191,10.5359502,
931,0,4574.2476892,57,25,3,4576.3956191,4579.5355836,5.2878944,
935,0,4603.7242852,53,28,3,4612.0355437,4612.7115919,8.9873067,
936,0,4605.2426091,54,28,3,4663.6232107,4666.6686319,61.4260227,
937,0,4615.7945564,51,29,3,4666.6686319,4675.0368500,59.2422936,
938,0,4619.0512157,52,29,3,4675.0368500,4678.1176926,59.0664769,
939,0,4621.5122194,53,30,3,4678.1176926,4682.4065878,60.8943684,
940,0,4622.8055721,53,30,3,4682.4065878,4691.3220658,68.5164936,
944,0,4640.6440806,50,32,3,4691.3220658,4692.2126292,51.5685486,
948,0,4649.7710387,52,32,3,4692.2126292,4714.0866757,64.3156370,
949,0,4652.3033629,53,33,3,4714.0866757,4716.2641584,63.9607955,
950,0,4663.7012504,51,34,3,4716.2641584,4721.2774190,57.5761686,
956,0,4675.4011931,55,35,3,4721.2774190,4721.5202998,46.1191067,
958,0,4684.3692417,55,36,3,4721.5202998,4724.5415989,40.1723572,
959,0,4686.3220078,56,36,3,4724.5415989,4731.4530574,45.1310496,
960,0,4688.9516620,57,36,3,4731.4530574,4750.7299139,61.7782519,
970,0,4726.2993725,60,40,3,4750.7299139,4755.6331786,29.3338061,
971,0,4738.0967324,60,41,3,4755.6331786,4760.4138443,22.3171119,
972,0,4738.3825678,61,41,3,4760.4138443,4762.3864798,24.0039120,
872,1,4273.7914346,52,139,2,4762.3864798,4766.0155556,492.2241209,
874,1,4279.2518129,52,139,2,4787.9840666,4795.3416245,516.0898116,
875,1,4279.8554844,53,139,2,4795.3416245,4798.9139688,519.0584843,
877,1,4285.8544665,55,140,2,4799.1190200,4801.7813124,515.9268459,
878,1,4290.1977424,56,141,2,4801.7813124,4804.1427691,513.9450267,
881,1,4306.9702509,56,142,2,4806.3785330,4806.5032772,499.5330263,
883,1,4328.5046716,51,0,3,4806.5032772,4815.4753456,486.9706740,
884,1,4332.0102317,52,1,3,4815.4753456,4816.9358845,484.9256529,
886,1,4349.7194368,50,2,3,4816.9358845,4822.8504255,473.1309887,
888,1,4361.6020980,51,4,3,4824.6241369,4841.3595260,479.7574280,
894,1,4385.5689725,52,6,3,4886.9755904,4888.8466753,503.2777028,
899,1,4403.1195185,54,8,3,4888.8466753,4890.0261446,486.9066261,
900,1,4406.5259736,55,8,3,4890.0261446,4891.7892217,485.2632481,
902,1,4417.7376677,56,9,3,4899.6946610,4901.7764045,484.0387369,
904,1,4432.0053515,57,11,3,4926.8682488,4937.5358688,505.5305173,
906,1,4448.2272267,57,12,3,4937.5358688,4944.6597898,496.4325631,
908,1,4455.3999739,58,13,3,4944.6597898,4944.7596294,489.3596555,
910,1,4469.5586767,58,14,3,4944.7596294,4945.2150969,475.6564202,
911,1,4477.0536968,57,15,3,4945.2150969,4945.4208529,468.3671560,
913,1,4480.4946916,59,16,3,4945.4208529,4951.1677962,470.6731046,
915,1,4481.2717837,61,16,3,4951.1677962,4953.8809527,472.6091690,
916,1,4482.1406889,60,16,3,4953.8809527,4976.3115523,494.1708634,
917,1,4484.4725369,61,16,3,4983.5824034,4983.7763724,499.3038355,
918,1,4485.8317077,62,16,3,4983.7763724,4984.8946988,499.0629911,
919,1,4491.2806266,62,17,3,4984.8946988,4986.5412989,495.2606723,
920,1,4493.5462547,63,17,3,4986.5412989,4989.8618793,496.3156245,
921,1,4513.0181533,59,19,3,5009.6193542,5009.7759425,496.7577892,
922,1,4516.4778250,60,19,3,5009.7759425,5018.0540546,501.5762296,
923,1,4523.3744947,57,20,3,5020.5422491,5029.6191838,506.2446892,
924,1,4533.3160522,57,21,3,5029.6913016,5031.9405052,498.6244530,
927,1,4561.6787853,56,24,3,5031.9405052,5043.0454000,481.3666147,
928,1,4562.5605527,57,24,3,5088.5661312,5097.4204548,534.8599021,
930,1,4568.9841943,58,24,3,5097.4204548,5103.9130558,534.9288615,
932,1,4574.5422205,58,25,3,5103.9130558,5104.1345491,529.5923286,
933,1,4581.5085696,56,26,3,5104.1345491,5105.7272058,524.2186362,
934,1,4586.7665088,56,26,3,5108.1877371,5112.7995163,526.0330075,
941,1,4633.7698892,50,31,3,5112.7995163,5113.9923980,480.2225087,
942,1,4635.8756473,50,31,3,5113.9923980,5117.7732806,481.8976333,
943,1,4639.4647196,49,31,3,5122.1616690,5125.0694420,485.6047224,
945,1,4643.8294292,50,32,3,5125.0694420,5128.2246261,484.3951969,
946,1,4645.7649453,51,32,3,5128.2246261,5132.5417684,486.7768231,
947,1,4649.5733685,51,32,3,5132.5417684,5135.9594978,486.3861293,
951,1,4666.5389619,52,34,3,5135.9594978,5136.3699337,469.8309718,
952,1,4667.6864071,52,34,3,5136.3699337,5137.8939331,470.2075260,
953,1,4672.8645738,53,35,3,5137.8939331,5140.4992037,467.6346299,
954,1,4673.0150708,54,35,3,5140.4992037,5142.9826964,469.9676256,
955,1,4674.7333177,55,35,3,5150.7765055,5154.0321551,479.2988374,
957,1,4677.8877312,56,35,3,5154.0321551,5159.9439810,482.0562498,
961,1,4689.4794303,58,36,3,5159.9439810,5166.9072815,477.4278511,
962,1,4691.6192634,58,37,3,5179.7927551,5186.0921677,494.4729043,
963,1,4692.9841386,58,37,3,5186.0921677,5187.7881157,494.8039771,
964,1,4695.0483556,59,37,3,5187.7881157,5191.8038280,496.7554724,
965,1,4701.5299350,60,38,3,5191.8038280,5192.8336547,491.3037197,
966,1,4703.5005017,61,38,3,5192.8336547,5195.2041650,491.7036633,
967,1,4704.3765620,62,38,3,5195.2041650,5195.5365396,491.1599776,
968,1,4717.9658532,61,39,3,5196.7090647,5200.9622666,482.9964134,
969,1,4719.7500660,62,39,3,5203.5147666,5206.0570289,486.3069628,
973,0,4759.2711537,60,43,3,4766.0155556,4773.9466648,14.6755110,
974,1,4761.3527599,60,44,3,5206.0570289,5207.1911390,445.8383791,
975,0,4762.1552476,61,44,3,4773.9466648,4779.9100743,17.7548266,
976,1,4764.3269800,61,44,3,5207.2004416,5237.5954991,473.2685191,
977,0,4765.4246337,62,44,3,4779.9100743,4787.9840666,22.5594329,
978,1,4768.7260992,62,44,3,5253.5823737,5260.4111946,491.6850955,
979,0,4774.6919650,62,45,3,4798.9139688,4799.1190200,24.4270550,
980,0,4776.9942596,63,45,3,4804.1427691,4806.3785330,29.3842734,
981,0,4778.4304027,64,45,3,4822.8504255,4824.6241369,46.1937342,
982,1,4796.4873080,62,47,3,5261.4516494,5266.4025543,469.9152464,
983,1,4799.3870928,61,47,3,5266.4025543,5268.1300338,468.7429410,
984,1,4810.3341059,58,49,3,5268.1300338,5272.2026958,461.8685898,
985,0,4812.0788837,59,49,3,4841.3595260,4848.6850149,36.6061312,
986,1,4814.5688791,60,49,3,5276.6447730,5280.3787694,465.8098903,
987,1,4817.3497035,59,49,3,5280.3787694,5280.5746122,463.2249087,
988,0,4823.9045226,59,50,3,4848.6850149,4851.6805837,27.7760611,
989,1,4829.1651384,59,50,3,5280.5746122,5285.6284148,456.4632764,
990,0,4829.7387548,60,50,3,4851.6805837,4864.3149246,34.5761699,
991,1,4831.8866250,61,51,3,5285.6284148,5290.5865164,458.6998914,
992,1,4834.0647676,62,51,3,5290.5865164,5290.8787417,456.8139741,
993,0,4839.4661269,63,51,3,4864.3149246,4867.8013374,28.3352105,
994,0,4840.2110698,64,52,3,4867.8013374,4874.9096105,34.6985407,
995,1,4843.1718918,64,52,3,5292.8068852,5299.2419350,456.0700431,
996,0,4855.0786234,63,53,3,4874.9096105,4881.7153485,26.6367251,
997,1,4855.8194002,64,53,3,5299.2419350,5299.7906271,443.9712269,
998,1,4858.5462378,65,53,3,5299.7906271,5303.3748637,444.8286259,
999,0,4861.7482948,66,54,3,4881.7153485,4886.7831894,25.0348946,
1000,1,4869.2621594,65,54,3,5303.3748637,5312.5143217,443.2521623,
1001,1,4871.2536635,66,55,3,5312.5143217,5319.7015975,448.4479340,
1002,0,4874.5116748,67,55,3,4886.7831894,4886.9755904,12.4639156,
1003,1,4877.8058218,67,55,3,5319.7015975,5329.7372735,451.9314517,
1004,0,4882.6685477,67,56,3,4891.7892217,4899.6946610,17.0261134,
1005,0,4888.2582781,66,56,3,4901.7764045,4922.7811151,34.5228370,
1006,1,4897.0311157,64,57,3,5329.7372735,5333.0670217,436.0359060,
1007,0,4899.6313251,65,57,3,4922.7811151,4926.2094713,26.5781462,
1008,1,4901.0951411,65,58,3,5333.0670217,5355.4735016,454.3783605,
1009,0,4906.9341755,65,58,3,4926.2094713,4926.8682488,19.9340733,
1010,1,4914.1378361,66,59,3,5355.4735016,5355.5524813,441.4146451,
1011,1,4927.8852575,64,60,3,5355.5524813,5355.8901008,428.0048432,
1012,1,4928.9670129,65,60,3,5355.8901008,5357.2884824,428.3214695,
1013,0,4953.5534682,60,63,3,4976.3115523,4977.8341444,24.2806763,
1014,1,4955.4665857,60,63,3,5357.2884824,5360.4441977,404.9776121,
1015,1,4958.7031526,61,63,3,5360.4441977,5361.0832758,402.3801232,
1016,1,4961.0300060,62,64,3,5361.0832758,5372.3491833,411.3191774,
1017,1,4961.1862193,63,64,3,5373.1032242,5374.7332042,413.5469849,
1018,1,4963.4901019,64,64,3,5374.7332042,5390.9667151,427.4766133,
1019,1,4963.7062406,65,64,3,5443.9906480,5458.0713788,494.3651382,
1020,0,4965.1065964,66,64,3,4977.8341444,4983.0256125,17.9190161,
1021,0,4967.9182382,67,64,3,4983.0256125,4983.5824034,15.6641652,
1022,1,4969.5780162,68,64,3,5458.6834492,5458.8189999,489.2409836,
1023,0,4969.6709582,69,64,3,4989.8618793,5006.6468307,36.9758726,
1024,0,4974.6716645,70,65,3,5006.6468307,5009.5286179,34.8569534,
1025,1,4984.9155828,65,66,3,5458.8189999,5462.9574062,478.0418233,
1026,1,4987.9682475,65,66,3,5463.5496938,5471.5112757,483.5430282,
1027,0,4993.5430078,65,67,3,5009.5286179,5009.6193542,16.0763464,
1028,0,4995.6861618,66,67,3,5018.0540546,5020.5422491,24.8560873,
1029,1,4998.4663182,67,67,3,5480.4307817,5484.0551326,485.5888144,
1030,0,5001.3485249,68,68,3,5029.6191838,5029.6913016,28.3427767,
1031,1,5002.6888187,69,68,3,5484.0551326,5496.9922827,494.3034640,
1032,1,5003.3798938,70,68,3,5514.5306027,5530.7380297,527.3581359,
1033,1,5008.3357403,70,68,3,5540.1140317,5541.3303747,532.9946344,
1034,1,5009.7692920,69,68,3,5541.3303747,5546.7472796,536.9779876,
1035,1,5015.1219763,69,69,3,5546.7472796,5553.0136331,537.8916567,
1036,1,5019.2995119,69,69,3,5626.3987383,5638.8382211,619.5387092,
1037,1,5022.5219836,69,70,3,5659.0223514,5660.2575386,637.7355549,
1038,0,5023.4070003,70,70,3,5043.0454000,5064.6369939,41.2299936,
1039,0,5023.8624206,71,70,3,5064.6369939,5073.2746619,49.4122414,
1040,0,5024.4950474,72,70,3,5073.2746619,5078.1756474,53.6806000,
1041,0,5027.0754478,73,70,3,5078.1756474,5084.1549643,57.0795164,
1042,1,5031.2425973,72,71,3,5660.2575386,5661.9876115,630.7450142,
1043,0,5043.2133095,71,72,3,5084.1549643,5085.4531725,42.2398630,
1044,1,5046.2386111,72,72,3,5661.9876115,5664.4612593,618.2226481,
1045,1,5062.1152131,73,74,3,5664.4612593,5664.6104385,602.4952254,
1046,0,5062.8469529,74,74,3,5085.4531725,5088.5661312,25.7191783,
1047,1,5073.9887840,73,75,3,5664.6104385,5671.2000227,597.2112388,
1048,1,5077.1890263,74,75,3,5671.2000227,5679.8113252,602.6222988,
1049,1,5082.6201755,74,76,3,5679.8113252,5683.2351311,600.6149556,
1050,0,5087.7351746,73,76,3,5105.7272058,5108.1877371,20.4525625,
1051,0,5113.2836541,67,79,3,5117.7732806,5122.1616690,8.8780149,
1052,0,5131.9890289,63,81,3,5142.9826964,5150.7765055,18.7874766,
1053,0,5144.7141923,58,82,3,5166.9072815,5179.7927551,35.0785628,
1054,0,5182.4681099,54,86,3,5195.5365396,5196.7090647,14.2409549,
1055,1,5185.8623608,55,86,3,5683.2351311,5698.5504249,512.6880641,
1056,0,5186.3474594,55,86,3,5207.1911390,5207.2004416,20.8529822,
1057,0,5191.9972720,54,87,3,5200.9622666,5203.5147666,11.5174946,
1058,1,5198.8903634,51,87,3,5782.9707749,5783.3587439,584.4683805,
1059,1,5205.2216287,50,88,3,5783.3587439,5807.8192399,602.5976112,
1060,0,5217.4362955,48,89,3,5237.5954991,5246.2715506,28.8352552,
1061,1,5222.5399466,49,90,3,5807.8192399,5815.3086370,592.7686904,
1062,0,5233.1220078,50,91,3,5246.2715506,5253.5823737,20.4603660,
1063,1,5237.2850111,51,91,3,5816.8268149,5819.2534374,581.9684263,
1064,1,5242.4584382,51,92,3,5819.2534374,5819.6667555,577.2083173,
1065,1,5246.0914740,52,92,3,5819.6667555,5821.4793822,575.3879082,
1066,1,5247.1738244,52,92,3,5824.5161234,5825.8939598,578.7201354,
1067,0,5248.4967662,53,92,3,5260.4111946,5261.4516494,12.9548832,
1068,1,5253.4540777,54,93,3,5825.8939598,5828.3071083,574.8530306,
1069,1,5261.0260684,53,94,3,5832.0584084,5832.1260517,571.0999833,
1070,0,5270.3778226,51,95,3,5272.2026958,5276.6447730,6.2669504,
1071,1,5272.0617689,52,95,3,5832.1260517,5837.5241466,565.4623777,
1072,1,5275.8889816,52,95,3,5837.5241466,5837.6370204,561.7480388,
1073,0,5277.9521457,52,95,3,5290.8787417,5292.8068852,14.8547395,
1074,1,5279.6816993,53,95,3,5837.6370204,5840.2798512,560.5981519,
1075,1,5289.5244409,51,96,3,5851.6448703,5852.6884023,563.1639614,
1076,1,5301.2568573,47,98,3,5852.6884023,5853.7234381,552.4665809,
1077,1,5305.8789146,47,98,3,5853.7234381,5854.2676935,548.3887788,
1078,1,5309.8517339,48,98,3,5854.2676935,5862.0351248,552.1833909,
1079,1,5311.4572766,49,99,3,5862.0351248,5873.4767432,562.0194666,
1080,1,5329.9499301,47,100,3,5883.4469837,5883.9253855,553.9754554,
1081,1,5333.0062009,48,101,3,5883.9253855,5886.2764556,553.2702547,
1082,1,5336.7820150,48,101,3,5886.2764556,5888.5238062,551.7417912,
1083,1,5343.0321653,49,102,3,5888.5238062,5891.1756529,548.1434875,
1084,1,5343.4610329,50,102,3,5891.1756529,5893.2439119,549.7828790,
1085,1,5352.0940900,51,103,3,5893.2439119,5894.6623178,542.5682278,
1086,0,5356.8916554,49,103,3,5372.3491833,5373.1032242,16.2115688,
1087,1,5370.8502084,47,105,3,5894.6623178,5899.5162770,528.6660686,
1088,0,5373.9368770,46,105,3,5390.9667151,5396.1274284,22.1905514,
1089,1,5374.7450506,46,105,3,5903.1257960,5907.2435914,532.4985407,
1090,0,5376.4669113,47,105,3,5396.1274284,5409.9584301,33.4915188,
1091,0,5378.7357417,48,105,3,5409.9584301,5433.1091530,54.3734113,
1092,1,5381.8674039,49,106,3,5907.2435914,5910.5945092,528.7271052,
1093,0,5382.9747013,50,106,3,5433.1091530,5438.2496218,55.2749205,
1094,1,5387.8384092,51,106,3,5910.5945092,5910.7705666,522.9321574,
1095,0,5389.7167016,52,106,3,5438.2496218,5438.5925674,48.8758658,
1096,1,5390.9820096,52,107,3,5910.7705666,5910.8689106,519.8869009,
1097,1,5392.8054459,53,107,3,5910.8689106,5911.8225076,519.0170617,
1098,0,5402.8986032,53,108,3,5438.5925674,5443.9906480,41.0920448,
1099,1,5421.1564260,53,110,3,5911.8225076,5916.6905247,495.5340988,
1100,1,5425.7036849,54,110,3,5916.6905247,5923.7351374,498.0314526,
1101,0,5432.1736265,55,111,3,5458.0713788,5458.6834492,26.5098227,
1102,1,5436.7221940,55,111,3,5956.9893761,5970.9327814,534.2105874,
1103,1,5438.5113846,55,111,3,5970.9327814,5971.9890815,533.4776969,
1104,1,5444.6104437,54,112,3,5971.9890815,5975.0845569,530.4741132,
1105,1,5446.6343840,55,112,3,5975.0845569,5975.7278532,529.0934692,
1106,0,5455.0789284,56,113,3,5462.9574062,5463.5496938,8.4707654,
1107,1,5456.8923841,57,113,3,5975.7278532,5981.5978021,524.7054180,
1108,0,5463.2807495,54,114,3,5471.5112757,5472.7998987,9.5191492,
1109,0,5466.6366296,54,114,3,5472.7998987,5480.4307817,13.7941521,
1110,0,5470.9476104,55,115,3,5496.9922827,5502.2456048,31.2979944,
1111,0,5471.7050135,55,115,3,5502.2456048,5506.2946336,34.5896202,
1112,1,5475.0597954,55,115,3,5985.8379978,5987.1382995,512.0785041,
1113,1,5476.3678405,56,115,3,5987.1382995,5988.8086300,512.4407895,
1114,0,5477.7224443,57,115,3,5506.2946336,5514.5306027,36.8081584,
1115,1,5485.2890856,56,116,3,5994.1818704,5994.5820419,509.2929563,
1116,0,5489.6384820,57,116,3,5530.7380297,5537.8038406,48.1653586,
1117,0,5489.9311451,58,116,3,5537.8038406,5538.4114590,48.4803139,
1118,0,5496.8270451,59,117,3,5538.4114590,5540.1140317,43.2869866,
1119,1,5511.8540600,57,119,3,5994.5820419,6026.6742156,514.8201556,
1120,0,5522.8915404,57,120,3,5553.0136331,5566.3834145,43.4918741,
1121,0,5527.4540081,58,120,3,5566.3834145,5573.7510762,46.2970681,
1122,0,5535.1695207,58,121,3,5573.7510762,5574.0748224,38.9053017,
1123,0,5536.4905598,59,121,3,5574.0748224,5586.0820318,49.5914720,
1124,0,5536.5961342,60,121,3,5586.0820318,5590.8110788,54.2149445,
1125,0,5543.6384692,57,122,3,5590.8110788,5595.7223538,52.0838845,
1126,0,5548.2920401,57,122,3,5595.7223538,5600.5548636,52.2628235,
1127,1,5548.7559426,58,122,3,6072.6307485,6079.2233669,530.4674243,
1128,1,5558.1992091,58,123,3,6079.3947590,6082.6380856,524.4388765,
1129,1,5559.8567327,59,123,3,6082.6380856,6084.1797486,524.3230159,
1130,1,5562.3802928,60,124,3,6084.1797486,6118.3746219,555.9943291,
1131,0,5562.5338175,61,124,3,5600.5548636,5611.1965013,48.6626839,
1132,0,5564.1959037,62,124,3,5611.1965013,5613.8466913,49.6507876,
1133,1,5565.1876314,63,124,3,6154.5431381,6162.1811916,596.9935602,
1134,1,5565.3382675,64,124,3,6193.6053465,6203.6706456,638.3323781,
1135,1,5575.5426817,62,125,3,6205.8534210,6212.7108310,637.1681492,
1136,0,5578.5859988,63,125,3,5613.8466913,5621.7202593,43.1342605,
1137,1,5589.6146099,63,126,3,6212.7108310,6212.9065402,623.2919303,
1138,0,5589.6408722,64,126,3,5621.7202593,5625.1697536,35.5288814,
1139,1,5590.0635557,65,127,3,6212.9065402,6224.7448573,634.6813016,
1140,0,5597.6641440,64,127,3,5625.1697536,5626.3987383,28.7345944,
1141,1,5602.5618798,64,128,3,6224.7448573,6230.5522814,627.9904016,
1142,1,5611.0101899,65,129,3,6239.1938515,6240.2454218,629.2352319,
1143,1,5615.3182891,64,129,3,6240.2454218,6247.7374976,632.4192085,
1144,0,5615.8215499,65,129,3,5638.8382211,5639.2736759,23.4521259,
1145,0,5619.4025424,66,129,3,5639.2736759,5645.9464878,26.5439454,
1146,1,5628.3134769,64,130,3,6247.7374976,6251.9745491,623.6610722,
1147,1,5628.7149174,65,130,3,6252.4961586,6266.9317327,638.2168153,
1148,0,5637.5095649,66,131,3,5645.9464878,5657.2001845,19.6906196,
1149,0,5637.9302767,67,131,3,5657.2001845,5659.0223514,21.0920746,
1150,1,5654.9835598,65,133,3,6283.8020140,6287.9553813,632.9718215,
1151,1,5657.5213042,65,133,3,6287.9553813,6294.8527272,637.3314229,
1152,0,5662.1303965,63,134,3,5698.5504249,5708.3559336,46.2255371,
1153,1,5662.4119606,64,134,3,6294.8527272,6295.3466873,632.9347267,
1154,0,5671.6560439,62,135,3,5708.3559336,5711.8140185,40.1579746,
1155,1,5676.8775787,63,135,3,6321.6521272,6323.3957897,646.5182110,
1156,0,5685.4714448,62,136,3,5711.8140185,5732.2165398,46.7450950,
1157,0,5692.6832433,63,137,3,5732.2165398,5762.7738532,70.0906098,
1158,1,5698.9632584,63,137,3,6323.3957897,6325.2573087,626.2940503,
1159,0,5702.8246951,64,138,3,5762.7738532,5766.1672493,63.3425542,
1160,0,5710.1698833,64,139,3,5766.1672493,5769.0344349,58.8645516,
1161,1,5710.5105372,65,139,3,6325.2573087,6327.4070288,616.8964915,
1162,1,5716.1740836,65,139,3,6327.4070288,6343.8890428,627.7149591,
1163,1,5718.9674103,66,139,3,6344.4476176,6353.0991914,634.1317811,
1164,1,5722.3683832,67,140,3,6353.0991914,6354.0688299,631.7004467,
1165,0,5727.2950461,68,140,3,5769.0344349,5770.8496603,43.5546143,
1166,1,5731.9377788,69,141,3,6354.0688299,6355.5343898,623.5966110,
1167,1,5739.8232863,69,141,3,6355.5343898,6355.6925150,615.8692287,
1168,1,5741.7432271,70,142,3,6355.6925150,6356.3999890,614.6567618,
1169,1,5742.8123545,71,142,3,6356.3999890,6356.8500458,614.0376913,
1170,0,5751.6756492,72,143,3,5770.8496603,5773.2567076,21.5810584,
1171,1,5761.4263421,73,0,4,6356.8500458,6358.3104744,596.8841324,
1173,0,5767.9035851,73,0,4,5773.2567076,5782.9707749,15.0671898,
1176,0,5797.6923091,71,3,4,5815.3086370,5816.8268149,19.1345058,
1178,0,5814.2563288,72,5,4,5821.4793822,5824.5161234,10.2597946,
1179,0,5815.3721075,72,5,4,5828.3071083,5832.0584084,16.6863009,
1181,0,5822.2838082,70,6,4,5840.2798512,5847.5319958,25.2481876,
1182,0,5823.9664788,71,6,4,5847.5319958,5851.6448703,27.6783915,
1186,0,5852.5582168,65,9,4,5873.4767432,5876.3651931,23.8069763,
1187,0,5855.7791018,63,9,4,5876.3651931,5876.6251711,20.8460692,
1188,0,5856.0804759,64,9,4,5876.6251711,5878.7685473,22.6880714,
1190,0,5864.7347220,65,10,4,5878.7685473,5883.4469837,18.7122617,
1194,0,5887.1458986,62,12,4,5899.5162770,5903.1257960,15.9798974,
1198,0,5906.0111858,60,14,4,5923.7351374,5933.7138175,27.7026317,
1199,0,5906.7635648,61,14,4,5933.7138175,5936.3939675,29.6304028,
1200,0,5906.8104806,62,14,4,5936.3939675,5948.7200558,41.9095752,
1203,0,5910.8666576,62,15,4,5948.7200558,5950.9258834,40.0592258,
1206,0,5919.9976713,62,15,4,5950.9258834,5951.0575553,31.0598839,
1207,0,5923.8069337,62,16,4,5951.0575553,5951.2473696,27.4404359,
1208,0,5927.6699962,63,16,4,5951.2473696,5954.3092548,26.6392586,
1211,0,5934.2941597,65,17,4,5954.3092548,5954.8713032,20.5771435,
1213,0,5946.7395081,66,18,4,5954.8713032,5956.9893761,10.2498680,
1217,0,5967.4988391,63,20,4,5981.5978021,5985.8379978,18.3391587,
1219,0,5973.6697910,63,21,4,5988.8086300,5990.8749772,17.2051863,
1220,0,5977.8558280,62,21,4,5990.8749772,5994.1327809,16.2769529,
1221,0,5978.2981826,63,21,4,5994.1327809,5994.1818704,15.8836878,
1223,0,5979.7146259,65,21,4,6026.6742156,6031.7396930,52.0250671,
1224,0,5986.8271200,64,22,4,6031.7396930,6041.1229380,54.2958180,
1227,0,6017.8472788,61,25,4,6041.1229380,6059.9055913,42.0583124,
1228,0,6019.8185788,62,25,4,6059.9055913,6065.7170445,45.8984658,
1233,0,6054.7572057,64,29,4,6065.7170445,6072.6307485,17.8735428,
1236,0,6066.5347365,65,30,4,6079.2233669,6079.3947590,12.8600225,
1237,0,6071.5154231,66,31,4,6118.3746219,6125.0827615,53.5673385,
1239,0,6076.9178849,67,31,4,6125.0827615,6126.8118847,49.8939999,
1240,0,6077.7862218,68,31,4,6126.8118847,6134.1883635,56.4021417,
1244,0,6092.7924861,68,33,4,6134.1883635,6139.5153258,46.7228397,
1246,0,6105.5974988,70,34,4,6139.5153258,6153.6393800,48.0418813,
1247,0,6142.0288415,66,38,4,6153.6393800,6154.5431381,12.5142965,
1253,0,6155.8702994,70,39,4,6162.1811916,6182.3818421,26.5115427,
1254,0,6160.9636805,71,40,4,6182.3818421,6182.7525726,21.7888921,
1257,0,6169.5075882,73,40,4,6182.7525726,6183.9117981,14.4042099,
1259,0,6179.4743582,75,41,4,6183.9117981,6185.8579904,6.3836322,
1261,0,6183.9294283,74,42,4,6185.8579904,6193.6053465,9.6759182,
1264,0,6191.9206175,76,43,4,6203.6706456,6204.4017684,12.4811509,
1266,0,6196.0063095,77,43,4,6204.4017684,6205.8534210,9.8471115,
1269,0,6209.8146349,77,44,4,6230.5522814,6238.8134406,28.9988057,
1270,0,6217.1105636,76,45,4,6238.8134406,6239.1938515,22.0832879,
1274,0,6238.6188160,78,47,4,6251.9745491,6252.4961586,13.8773426,
1278,0,6251.8845796,78,49,4,6266.9317327,6279.9672802,28.0827006,
1279,0,6252.6320689,77,49,4,6279.9672802,6281.3414878,28.7094189,
1282,0,6270.1845483,79,51,4,6281.3414878,6283.7492713,13.5647230,
1284,0,6277.3498087,81,51,4,6283.7492713,6283.8020140,6.4522053,
1285,0,6285.4978364,78,52,4,6295.3466873,6313.6231246,28.1252882,
1286,0,6289.6109545,78,52,4,6313.6231246,6318.3432374,28.7322829,
1287,0,6303.2691275,77,54,4,6318.3432374,6321.6521272,18.3829997,
1290,0,6333.0458978,74,57,4,6343.8890428,6344.4476176,11.4017198,
